n,gamma,k,seed,testMode,model,trainObj,testMean,cvar10,q05,worst,regretToBest,supportCR,supportTail,selectedCount
60,0.2,12,1,independent,Nominal,1518.41661753539,1519.01047027806,1431.44779451537,1436.54336657786,1334.58061521753,0,121,1,0
60,0.2,12,1,independent,CR-SHP,1242.30645293624,1519.01047027806,1431.44779451537,1436.54336657786,1334.58061521753,0,121,1,0
60,0.2,12,1,independent,CVaR-CR-SHP,1093.30948696051,1093.30948696052,1093.30948696051,1093.30948696051,1093.30948696051,425.700983317541,121,1,12
60,0.2,12,1,independent,Mixed,1143.65049832447,1356.00424751353,1294.48675624205,1297.11909549902,1244.06668203284,163.006222764533,121,1,6
60,0.2,12,1,gaussian06,Nominal,1518.41661753539,1400.31849463576,810.671316510607,816.124539097216,679.25352963084,0,121,1,0
60,0.2,12,1,gaussian06,CR-SHP,1242.30645293624,1400.31849463576,810.671316510607,816.124539097216,679.25352963084,0,121,1,0
60,0.2,12,1,gaussian06,CVaR-CR-SHP,1093.30948696051,1093.30948696052,1093.30948696051,1093.30948696051,1093.30948696051,307.009007675236,121,1,12
60,0.2,12,1,gaussian06,Mixed,1143.65049832447,1296.68623881105,995.288082107917,996.469062342549,932.015085622836,103.632255824706,121,1,6
60,0.2,12,1,comonotone,Nominal,1518.41661753539,1267.17368857786,679.253529630841,679.25352963084,679.25352963084,0,121,1,0
60,0.2,12,1,comonotone,CR-SHP,1242.30645293624,1267.17368857786,679.253529630841,679.25352963084,679.25352963084,0,121,1,0
60,0.2,12,1,comonotone,CVaR-CR-SHP,1093.30948696051,1093.30948696052,1093.30948696051,1093.30948696051,1093.30948696051,173.86420161734,121,1,12
60,0.2,12,1,comonotone,Mixed,1143.65049832447,1210.37655185567,932.015085622838,932.015085622836,932.015085622836,56.797136722189,121,1,6
60,0.2,12,1,t_copula06,Nominal,1518.41661753539,1407.03340749133,807.609109289148,810.111823665355,679.25352963084,0,121,1,0
60,0.2,12,1,t_copula06,CR-SHP,1242.30645293624,1407.03340749133,807.609109289148,810.111823665355,679.25352963084,0,121,1,0
60,0.2,12,1,t_copula06,CVaR-CR-SHP,1093.30948696051,1093.30948696052,1093.30948696051,1093.30948696051,1093.30948696051,313.723920530813,121,1,12
60,0.2,12,1,t_copula06,Mixed,1143.65049832447,1300.81136642564,995.708317479844,996.480237062627,932.015085622836,106.222041065692,121,1,6
60,0.2,12,1,adverse,Nominal,1518.41661753539,1242.30645293624,679.25352963084,679.25352963084,679.25352963084,0,121,1,0
60,0.2,12,1,adverse,CR-SHP,1242.30645293624,1242.30645293624,679.25352963084,679.25352963084,679.25352963084,0,121,1,0
60,0.2,12,1,adverse,CVaR-CR-SHP,1093.30948696051,1093.30948696051,1093.30948696051,1093.30948696051,1093.30948696051,148.996965975734,121,1,12
60,0.2,12,1,adverse,Mixed,1143.65049832447,1196.90771649617,932.015085622836,932.015085622836,932.015085622836,45.3987364400787,121,1,6
60,0.2,12,2,independent,Nominal,1528.02049525056,1527.56727199609,1419.3099337446,1427.51801675829,1307.39905382516,0,121,1,0
60,0.2,12,2,independent,CR-SHP,1224.86822330395,1527.56727199609,1419.3099337446,1427.51801675829,1307.39905382516,0,121,1,0
60,0.2,12,2,independent,CVaR-CR-SHP,1096.03170868932,1096.0317086893,1096.03170868932,1096.03170868932,1096.03170868932,431.535563306785,121,1,12
60,0.2,12,2,independent,Mixed,1123.56688339274,1240.27076150347,1213.70960416352,1215.6259896969,1181.14442294423,287.296510492622,121,1,9
60,0.2,12,2,gaussian06,Nominal,1528.02049525056,1388.61429241367,745.553277445811,752.328685874695,598.594005587608,0,121,1,0
60,0.2,12,2,gaussian06,CR-SHP,1224.86822330395,1388.61429241367,745.553277445811,752.328685874695,598.594005587608,0,121,1,0
60,0.2,12,2,gaussian06,CVaR-CR-SHP,1096.03170868932,1096.0317086893,1096.03170868932,1096.03170868932,1096.03170868932,292.582583724372,121,1,12
60,0.2,12,2,gaussian06,Mixed,1123.56688339274,1211.82927687024,1066.30772289098,1073.11610421132,1006.43399707099,176.785015543438,121,1,9
60,0.2,12,2,comonotone,Nominal,1528.02049525056,1220.60925906979,598.594005587607,598.594005587608,598.594005587608,0,121,1,0
60,0.2,12,2,comonotone,CR-SHP,1224.86822330395,1220.60925906979,598.594005587607,598.594005587608,598.594005587608,0,121,1,0
60,0.2,12,2,comonotone,CVaR-CR-SHP,1096.03170868932,1096.0317086893,1096.03170868932,1096.03170868932,1096.03170868932,124.577550380492,121,1,12
60,0.2,12,2,comonotone,Mixed,1123.56688339274,1154.38390852155,1006.43399707099,1006.43399707099,1006.43399707099,66.2253505482395,121,1,9
60,0.2,12,2,t_copula06,Nominal,1528.02049525056,1401.06842595105,758.690952024378,758.244503573486,598.594005587608,0,121,1,0
60,0.2,12,2,t_copula06,CR-SHP,1224.86822330395,1401.06842595105,758.690952024378,758.244503573486,598.594005587608,0,121,1,0
60,0.2,12,2,t_copula06,CVaR-CR-SHP,1096.03170868932,1096.0317086893,1096.03170868932,1096.03170868932,1096.03170868932,305.036717261744,121,1,12
60,0.2,12,2,t_copula06,Mixed,1123.56688339274,1214.78112648806,1071.32956761441,1077.44306392481,1006.43399707099,186.287299462988,121,1,9
60,0.2,12,2,adverse,Nominal,1528.02049525056,1224.86822330395,598.594005587608,598.594005587608,598.594005587608,0,121,1,0
60,0.2,12,2,adverse,CR-SHP,1224.86822330395,1224.86822330395,598.594005587608,598.594005587608,598.594005587608,0,121,1,0
60,0.2,12,2,adverse,CVaR-CR-SHP,1096.03170868932,1096.03170868932,1096.03170868932,1096.03170868932,1096.03170868932,128.836514614635,121,1,12
60,0.2,12,2,adverse,Mixed,1123.56688339274,1155.16917360415,1006.43399707099,1006.43399707099,1006.43399707099,69.6990496998055,121,1,9
60,0.2,12,3,independent,Nominal,1588.13119611688,1590.1416899601,1477.17116889285,1488.38206911313,1289.56002626116,0,121,1,0
60,0.2,12,3,independent,CR-SHP,1225.32887953693,1590.1416899601,1477.17116889285,1488.38206911313,1289.56002626116,0,121,1,0
60,0.2,12,3,independent,CVaR-CR-SHP,1072.74435655158,1072.74435655157,1072.74435655158,1072.74435655158,1072.74435655158,517.39733340853,121,1,12
60,0.2,12,3,independent,Mixed,1140.07686817744,1391.6593027999,1331.54539967155,1336.94239157622,1240.75781785283,198.482387160194,121,1,6
60,0.2,12,3,gaussian06,Nominal,1588.13119611688,1421.17873993504,748.869123310092,751.758088643283,622.846015826105,0,121,1,0
60,0.2,12,3,gaussian06,CR-SHP,1225.32887953693,1421.17873993504,748.869123310092,751.758088643283,622.846015826105,0,121,1,0
60,0.2,12,3,gaussian06,CVaR-CR-SHP,1072.74435655158,1072.74435655157,1072.74435655158,1072.74435655158,1072.74435655158,348.434383383472,121,1,12
60,0.2,12,3,gaussian06,Mixed,1140.07686817744,1306.47471780248,957.043945470401,957.931990211802,889.977139772718,114.704022132558,121,1,6
60,0.2,12,3,comonotone,Nominal,1588.13119611688,1233.2353765536,622.846015826106,622.846015826105,622.846015826105,0,121,1,0
60,0.2,12,3,comonotone,CR-SHP,1225.32887953693,1233.2353765536,622.846015826106,622.846015826105,622.846015826105,0,121,1,0
60,0.2,12,3,comonotone,CVaR-CR-SHP,1072.74435655158,1072.74435655157,1072.74435655158,1072.74435655158,1072.74435655158,160.491020002035,121,1,12
60,0.2,12,3,comonotone,Mixed,1140.07686817744,1182.63446069411,889.977139772717,889.977139772718,889.977139772718,50.6009158594898,121,1,6
60,0.2,12,3,t_copula06,Nominal,1588.13119611688,1432.32764624123,757.623932120501,756.886203050087,622.846015826105,0,121,1,0
60,0.2,12,3,t_copula06,CR-SHP,1225.32887953693,1432.32764624123,757.623932120501,756.886203050087,622.846015826105,0,121,1,0
60,0.2,12,3,t_copula06,CVaR-CR-SHP,1072.74435655158,1072.74435655157,1072.74435655158,1072.74435655158,1072.74435655158,359.583289689666,121,1,12
60,0.2,12,3,t_copula06,Mixed,1140.07686817744,1312.66383213594,962.405050472355,963.200759147856,889.977139772718,119.663814105287,121,1,6
60,0.2,12,3,adverse,Nominal,1588.13119611688,1225.32887953693,622.846015826105,622.846015826105,622.846015826105,0,121,1,0
60,0.2,12,3,adverse,CR-SHP,1225.32887953693,1225.32887953693,622.846015826105,622.846015826105,622.846015826105,0,121,1,0
60,0.2,12,3,adverse,CVaR-CR-SHP,1072.74435655158,1072.74435655158,1072.74435655158,1072.74435655158,1072.74435655158,152.584522985346,121,1,12
60,0.2,12,3,adverse,Mixed,1140.07686817744,1176.99700253673,889.977139772718,889.977139772718,889.977139772718,48.3318770001995,121,1,6
60,0.2,12,4,independent,Nominal,1639.32009287406,1635.05551176107,1517.46660083484,1526.44797560678,1292.44911482008,0,121,1,0
60,0.2,12,4,independent,CR-SHP,1269.14905381571,1635.05551176107,1517.46660083484,1526.44797560678,1292.44911482008,0,121,1,0
60,0.2,12,4,independent,CVaR-CR-SHP,1089.58123723854,1089.58123723851,1089.58123723854,1089.58123723854,1089.58123723854,545.474274522557,121,1,12
60,0.2,12,4,independent,Mixed,1183.61634296003,1464.16311686502,1400.9311552246,1407.74721109805,1277.10059435666,170.89239489605,121,1,5
60,0.2,12,4,gaussian06,Nominal,1639.32009287406,1460.06419815757,803.752874896232,811.786624910738,682.152982310312,0,121,1,0
60,0.2,12,4,gaussian06,CR-SHP,1269.14905381571,1460.06419815757,803.752874896232,811.786624910738,682.152982310312,0,121,1,0
60,0.2,12,4,gaussian06,CVaR-CR-SHP,1089.58123723854,1089.58123723851,1089.58123723854,1089.58123723854,1089.58123723854,370.482960919053,121,1,12
60,0.2,12,4,gaussian06,Mixed,1183.61634296003,1362.60360315481,976.040571381417,975.316080366202,900.259373233979,97.4605950027528,121,1,5
60,0.2,12,4,comonotone,Nominal,1639.32009287406,1274.89420190297,682.152982310312,682.152982310312,682.152982310312,0,121,1,0
60,0.2,12,4,comonotone,CR-SHP,1269.14905381571,1274.89420190297,682.152982310312,682.152982310312,682.152982310312,0,121,1,0
60,0.2,12,4,comonotone,CVaR-CR-SHP,1089.58123723854,1089.58123723851,1089.58123723854,1089.58123723854,1089.58123723854,185.312964664458,121,1,12
60,0.2,12,4,comonotone,Mixed,1183.61634296003,1237.88610952,900.259373233978,900.259373233979,900.259373233979,37.0080923829698,121,1,5
60,0.2,12,4,t_copula06,Nominal,1639.32009287406,1467.33844524292,801.534985198728,803.279169565646,682.152982310312,0,121,1,0
60,0.2,12,4,t_copula06,CR-SHP,1269.14905381571,1467.33844524292,801.534985198728,803.279169565646,682.152982310312,0,121,1,0
60,0.2,12,4,t_copula06,CVaR-CR-SHP,1089.58123723854,1089.58123723851,1089.58123723854,1089.58123723854,1089.58123723854,377.75720800441,121,1,12
60,0.2,12,4,t_copula06,Mixed,1183.61634296003,1367.5275563492,977.606823953788,982.227481529479,900.259373233979,99.8108888937229,121,1,5
60,0.2,12,4,adverse,Nominal,1639.32009287406,1269.14905381571,682.152982310312,682.152982310312,682.152982310312,0,121,1,0
60,0.2,12,4,adverse,CR-SHP,1269.14905381571,1269.14905381571,682.152982310312,682.152982310312,682.152982310312,0,121,1,0
60,0.2,12,4,adverse,CVaR-CR-SHP,1089.58123723854,1089.58123723854,1089.58123723854,1089.58123723854,1089.58123723854,179.567816577171,121,1,12
60,0.2,12,4,adverse,Mixed,1183.61634296003,1231.33774126673,900.259373233979,900.259373233979,900.259373233979,37.8113125489836,121,1,5
60,0.2,12,5,independent,Nominal,1610.83557387096,1609.9599067499,1493.55062630116,1504.79653595024,1350.3753056417,0,121,1,0
60,0.2,12,5,independent,CR-SHP,1264.63829932949,1609.9599067499,1493.55062630116,1504.79653595024,1350.3753056417,0,121,1,0
60,0.2,12,5,independent,CVaR-CR-SHP,1113.14220132492,1113.14220132492,1113.14220132492,1113.14220132492,1113.14220132492,496.817705424978,121,1,12
60,0.2,12,5,independent,Mixed,1177.70689183368,1455.14402437981,1376.26344373841,1381.97760156922,1282.1937134351,154.815882370094,121,1,5
60,0.2,12,5,gaussian06,Nominal,1610.83557387096,1452.19569310445,800.199857866978,798.256853913166,680.061832620303,0,121,1,0
60,0.2,12,5,gaussian06,CR-SHP,1264.63829932949,1452.19569310445,800.199857866978,798.256853913166,680.061832620303,0,121,1,0
60,0.2,12,5,gaussian06,CVaR-CR-SHP,1113.14220132492,1113.14220132492,1113.14220132492,1113.14220132492,1113.14220132492,339.053491779523,121,1,12
60,0.2,12,5,gaussian06,Mixed,1177.70689183368,1362.27427282122,968.745582211711,965.489585940171,899.778583406798,89.9214202832304,121,1,5
60,0.2,12,5,comonotone,Nominal,1610.83557387096,1280.0813550141,680.061832620303,680.061832620303,680.061832620303,0,121,1,0
60,0.2,12,5,comonotone,CR-SHP,1264.63829932949,1280.0813550141,680.061832620303,680.061832620303,680.061832620303,0,121,1,0
60,0.2,12,5,comonotone,CVaR-CR-SHP,1113.14220132492,1113.14220132492,1113.14220132492,1113.14220132492,1113.14220132492,166.939153689177,121,1,12
60,0.2,12,5,comonotone,Mixed,1177.70689183368,1245.87971022596,899.778583406796,899.778583406798,899.778583406798,34.2016447881424,121,1,5
60,0.2,12,5,t_copula06,Nominal,1610.83557387096,1456.39115537897,797.658938284175,795.483691252568,680.061832620303,0,121,1,0
60,0.2,12,5,t_copula06,CR-SHP,1264.63829932949,1456.39115537897,797.658938284175,795.483691252568,680.061832620303,0,121,1,0
60,0.2,12,5,t_copula06,CVaR-CR-SHP,1113.14220132492,1113.14220132492,1113.14220132492,1113.14220132492,1113.14220132492,343.248954054045,121,1,12
60,0.2,12,5,t_copula06,Mixed,1177.70689183368,1366.46660670314,971.624808357385,968.229235811446,899.778583406798,89.9245486758302,121,1,5
60,0.2,12,5,adverse,Nominal,1610.83557387096,1264.63829932949,680.061832620303,680.061832620303,680.061832620303,0,121,1,0
60,0.2,12,5,adverse,CR-SHP,1264.63829932949,1264.63829932949,680.061832620303,680.061832620303,680.061832620303,0,121,1,0
60,0.2,12,5,adverse,CVaR-CR-SHP,1113.14220132492,1113.14220132492,1113.14220132492,1113.14220132492,1113.14220132492,151.496098004569,121,1,12
60,0.2,12,5,adverse,Mixed,1177.70689183368,1234.75475817487,899.778583406798,899.778583406798,899.778583406798,29.8835411546252,121,1,5
60,0.2,12,6,independent,Nominal,1595.4045278549,1596.11112761299,1480.06662267243,1488.3571137245,1323.76899757016,0,121,1,0
60,0.2,12,6,independent,CR-SHP,1278.82969095938,1596.11112761299,1480.06662267243,1488.3571137245,1323.76899757016,0,121,1,0
60,0.2,12,6,independent,CVaR-CR-SHP,1107.33092769684,1107.33092769686,1107.33092769684,1107.33092769684,1107.33092769684,488.780199916134,121,1,12
60,0.2,12,6,independent,Mixed,1183.16795827434,1465.5378664655,1392.13973142739,1397.38755026261,1287.29998629472,130.573261147496,121,1,4
60,0.2,12,6,gaussian06,Nominal,1595.4045278549,1456.55218870593,851.154462542698,851.287764849829,733.821686594216,0,121,1,0
60,0.2,12,6,gaussian06,CR-SHP,1278.82969095938,1456.55218870593,851.154462542698,851.287764849829,733.821686594216,0,121,1,0
60,0.2,12,6,gaussian06,CVaR-CR-SHP,1107.33092769684,1107.33092769686,1107.33092769684,1107.33092769684,1107.33092769684,349.221261009072,121,1,12
60,0.2,12,6,gaussian06,Mixed,1183.16795827434,1377.06200991714,985.370253445251,985.468684449608,903.099080880087,79.4901787887961,121,1,4
60,0.2,12,6,comonotone,Nominal,1595.4045278549,1278.51705142575,733.821686594215,733.821686594216,733.821686594216,0,121,1,0
60,0.2,12,6,comonotone,CR-SHP,1278.82969095938,1278.51705142575,733.821686594215,733.821686594216,733.821686594216,0,121,1,0
60,0.2,12,6,comonotone,CVaR-CR-SHP,1107.33092769684,1107.33092769686,1107.33092769684,1107.33092769684,1107.33092769684,171.186123728893,121,1,12
60,0.2,12,6,comonotone,Mixed,1183.16795827434,1250.49138644446,903.099080880086,903.099080880087,903.099080880087,28.0256649812943,121,1,4
60,0.2,12,6,t_copula06,Nominal,1595.4045278549,1456.14749119571,841.292145798255,842.996255312062,733.821686594216,0,121,1,0
60,0.2,12,6,t_copula06,CR-SHP,1278.82969095938,1456.14749119571,841.292145798255,842.996255312062,733.821686594216,0,121,1,0
60,0.2,12,6,t_copula06,CVaR-CR-SHP,1107.33092769684,1107.33092769686,1107.33092769684,1107.33092769684,1107.33092769684,348.816563498846,121,1,12
60,0.2,12,6,t_copula06,Mixed,1183.16795827434,1376.6176100358,979.152056598177,976.538007394169,903.099080880087,79.5298811599057,121,1,4
60,0.2,12,6,adverse,Nominal,1595.4045278549,1278.82969095938,733.821686594216,733.821686594216,733.821686594216,0,121,1,0
60,0.2,12,6,adverse,CR-SHP,1278.82969095938,1278.82969095938,733.821686594216,733.821686594216,733.821686594216,0,121,1,0
60,0.2,12,6,adverse,CVaR-CR-SHP,1107.33092769684,1107.33092769684,1107.33092769684,1107.33092769684,1107.33092769684,171.498763262545,121,1,12
60,0.2,12,6,adverse,Mixed,1183.16795827434,1249.65073195059,903.099080880087,903.099080880087,903.099080880087,29.1789590087894,121,1,4
60,0.2,12,7,independent,Nominal,1593.20403737574,1591.5295522904,1460.22437272715,1469.80131526914,1327.49497266273,0,121,1,0
60,0.2,12,7,independent,CR-SHP,1248.27988098283,1591.5295522904,1460.22437272715,1469.80131526914,1327.49497266273,0,121,1,0
60,0.2,12,7,independent,CVaR-CR-SHP,1060.42219263419,1060.4221926342,1060.42219263419,1060.42219263419,1060.42219263419,531.107359656202,121,1,12
60,0.2,12,7,independent,Mixed,1136.3066067817,1459.68339540017,1367.2023213557,1375.34056083702,1244.67551813688,131.846156890224,121,1,4
60,0.2,12,7,gaussian06,Nominal,1593.20403737574,1434.43131856109,763.215326054722,762.698433597722,645.522923164242,0,121,1,0
60,0.2,12,7,gaussian06,CR-SHP,1248.27988098283,1434.43131856109,763.215326054722,762.698433597722,645.522923164242,0,121,1,0
60,0.2,12,7,gaussian06,CVaR-CR-SHP,1060.42219263419,1060.4221926342,1060.42219263419,1060.42219263419,1060.42219263419,374.009125926895,121,1,12
60,0.2,12,7,gaussian06,Mixed,1136.3066067817,1354.87365449441,902.716416397663,903.575704098364,811.422918648435,79.5576640666818,121,1,4
60,0.2,12,7,comonotone,Nominal,1593.20403737574,1257.67722001767,645.522923164243,645.522923164242,645.522923164242,0,121,1,0
60,0.2,12,7,comonotone,CR-SHP,1248.27988098283,1257.67722001767,645.522923164243,645.522923164242,645.522923164242,0,121,1,0
60,0.2,12,7,comonotone,CVaR-CR-SHP,1060.42219263419,1060.4221926342,1060.42219263419,1060.42219263419,1060.42219263419,197.255027383475,121,1,12
60,0.2,12,7,comonotone,Mixed,1136.3066067817,1222.07526055622,811.422918648435,811.422918648435,811.422918648435,35.6019594614565,121,1,4
60,0.2,12,7,t_copula06,Nominal,1593.20403737574,1441.4932730938,773.019302844177,769.149358770902,645.522923164242,0,121,1,0
60,0.2,12,7,t_copula06,CR-SHP,1248.27988098283,1441.4932730938,773.019302844177,769.149358770902,645.522923164242,0,121,1,0
60,0.2,12,7,t_copula06,CVaR-CR-SHP,1060.42219263419,1060.4221926342,1060.42219263419,1060.42219263419,1060.42219263419,381.071080459599,121,1,12
60,0.2,12,7,t_copula06,Mixed,1136.3066067817,1360.60152090712,910.917634638425,916.059154465079,811.422918648435,80.891752186672,121,1,4
60,0.2,12,7,adverse,Nominal,1593.20403737574,1248.27988098283,645.522923164242,645.522923164242,645.522923164242,0,121,1,0
60,0.2,12,7,adverse,CR-SHP,1248.27988098283,1248.27988098283,645.522923164242,645.522923164242,645.522923164242,0,121,1,0
60,0.2,12,7,adverse,CVaR-CR-SHP,1060.42219263419,1060.42219263419,1060.42219263419,1060.42219263419,1060.42219263419,187.85768834864,121,1,12
60,0.2,12,7,adverse,Mixed,1136.3066067817,1215.90598197129,811.422918648435,811.422918648435,811.422918648435,32.3738990115344,121,1,4
60,0.2,12,8,independent,Nominal,1570.87734674965,1571.38390209337,1465.33061806194,1474.89849798807,1356.81332400336,0,121,1,0
60,0.2,12,8,independent,CR-SHP,1256.66353002835,1571.38390209337,1465.33061806194,1474.89849798807,1356.81332400336,0,121,1,0
60,0.2,12,8,independent,CVaR-CR-SHP,1124.52358875818,1124.52358875819,1124.52358875818,1124.52358875818,1124.52358875818,446.860313335173,121,1,12
60,0.2,12,8,independent,Mixed,1158.77367606392,1340.20022582812,1293.37841924446,1296.81084396662,1245.87013013564,231.183676265246,121,1,7
60,0.2,12,8,gaussian06,Nominal,1570.87734674965,1429.19215812342,803.498363786275,801.962740060723,656.691718766024,0,121,1,0
60,0.2,12,8,gaussian06,CR-SHP,1256.66353002835,1429.19215812342,803.498363786275,801.962740060723,656.691718766024,0,121,1,0
60,0.2,12,8,gaussian06,CVaR-CR-SHP,1124.52358875818,1124.52358875819,1124.52358875818,1124.52358875818,1124.52358875818,304.668569365225,121,1,12
60,0.2,12,8,gaussian06,Mixed,1158.77367606392,1285.43734892974,1040.45847161424,1045.15872757931,976.671599152303,143.754809193675,121,1,7
60,0.2,12,8,comonotone,Nominal,1570.87734674965,1257.20231847446,656.691718766023,656.691718766024,656.691718766024,0,121,1,0
60,0.2,12,8,comonotone,CR-SHP,1256.66353002835,1257.20231847446,656.691718766023,656.691718766024,656.691718766024,0,121,1,0
60,0.2,12,8,comonotone,CVaR-CR-SHP,1124.52358875818,1124.52358875819,1124.52358875818,1124.52358875818,1124.52358875818,132.678729716269,121,1,12
60,0.2,12,8,comonotone,Mixed,1158.77367606392,1201.59577930902,976.671599152304,976.671599152303,976.671599152303,55.6065391654442,121,1,7
60,0.2,12,8,t_copula06,Nominal,1570.87734674965,1440.09004543126,809.838203483845,806.471311933197,656.691718766024,0,121,1,0
60,0.2,12,8,t_copula06,CR-SHP,1256.66353002835,1440.09004543126,809.838203483845,806.471311933197,656.691718766024,0,121,1,0
60,0.2,12,8,t_copula06,CVaR-CR-SHP,1124.52358875818,1124.52358875819,1124.52358875818,1124.52358875818,1124.52358875818,315.566456673066,121,1,12
60,0.2,12,8,t_copula06,Mixed,1158.77367606392,1290.70690896531,1047.20596495011,1049.12546413043,976.671599152303,149.383136465951,121,1,7
60,0.2,12,8,adverse,Nominal,1570.87734674965,1256.66353002835,656.691718766024,656.691718766024,656.691718766024,0,121,1,0
60,0.2,12,8,adverse,CR-SHP,1256.66353002835,1256.66353002835,656.691718766024,656.691718766024,656.691718766024,0,121,1,0
60,0.2,12,8,adverse,CVaR-CR-SHP,1124.52358875818,1124.52358875818,1124.52358875818,1124.52358875818,1124.52358875818,132.13994127017,121,1,12
60,0.2,12,8,adverse,Mixed,1158.77367606392,1199.36178487187,976.671599152303,976.671599152303,976.671599152303,57.3017451564831,121,1,7
60,0.5,30,1,independent,Nominal,3245.38109554242,3250.24433666159,2951.43882183677,2967.45814314338,2643.81641811147,0,121,1,0
60,0.5,30,1,independent,CR-SHP,2723.05005379,3212.91337921734,2950.8249222219,2963.21091037851,2682.54550971204,37.3309574442546,121,1,4
60,0.5,30,1,independent,CVaR-CR-SHP,2446.44929679583,2446.4492967958,2446.44929679582,2446.44929679583,2446.44929679583,803.795039865793,121,1,30
60,0.5,30,1,independent,Mixed,2532.51842974636,2900.61164870278,2790.67948513051,2801.86720911747,2561.62283058012,349.632687958811,121,1,20
60,0.5,30,1,gaussian06,Nominal,3245.38109554242,2969.36327708055,1550.18802166323,1543.8782480437,1325.27995533746,0,121,1,0
60,0.5,30,1,gaussian06,CR-SHP,2723.05005379,2956.30905915386,1727.55803573463,1730.9921813484,1527.50340882694,13.0542179266831,121,1,4
60,0.5,30,1,gaussian06,CVaR-CR-SHP,2446.44929679583,2446.4492967958,2446.44929679582,2446.44929679583,2446.44929679583,522.913980284744,121,1,30
60,0.5,30,1,gaussian06,Mixed,2532.51842974636,2766.85479880725,2249.86801342845,2251.51706148944,2166.12776751479,202.508478273296,121,1,20
60,0.5,30,1,comonotone,Nominal,3245.38109554242,2762.73656306676,1325.27995533745,1325.27995533746,1325.27995533746,2.30869472765971,121,1,0
60,0.5,30,1,comonotone,CR-SHP,2723.05005379,2765.04525779442,1527.50340882694,1527.50340882694,1527.50340882694,0,121,1,4
60,0.5,30,1,comonotone,CVaR-CR-SHP,2446.44929679583,2446.4492967958,2446.44929679582,2446.44929679583,2446.44929679583,318.595960998617,121,1,30
60,0.5,30,1,comonotone,Mixed,2532.51842974636,2637.9005280178,2166.12776751479,2166.12776751479,2166.12776751479,127.144729776617,121,1,20
60,0.5,30,1,t_copula06,Nominal,3245.38109554242,2989.07574977599,1539.30557813883,1544.28821790947,1325.27995533746,0,121,1,0
60,0.5,30,1,t_copula06,CR-SHP,2723.05005379,2974.57656818368,1717.90263026779,1726.40525680952,1527.50340882694,14.4991815923104,121,1,4
60,0.5,30,1,t_copula06,CVaR-CR-SHP,2446.44929679583,2446.4492967958,2446.44929679582,2446.44929679583,2446.44929679583,542.626452980189,121,1,30
60,0.5,30,1,t_copula06,Mixed,2532.51842974636,2776.38398409164,2246.66350950671,2246.98575632589,2166.12776751479,212.691765684351,121,1,20
60,0.5,30,1,adverse,Nominal,3245.38109554242,2717.17348835336,1325.27995533746,1325.27995533746,1325.27995533746,5.87656543663888,121,1,0
60,0.5,30,1,adverse,CR-SHP,2723.05005379,2723.05005379,1527.50340882694,1527.50340882694,1527.50340882694,0,121,1,4
60,0.5,30,1,adverse,CVaR-CR-SHP,2446.44929679583,2446.44929679583,2446.44929679583,2446.44929679583,2446.44929679583,276.600756994175,121,1,30
60,0.5,30,1,adverse,Mixed,2532.51842974636,2615.5049165956,2166.12776751479,2166.12776751479,2166.12776751479,107.545137194402,121,1,20
60,0.5,30,2,independent,Nominal,3207.69387937362,3206.18675266309,2917.15329891839,2933.80020655258,2611.76611034946,0,121,1,0
60,0.5,30,2,independent,CR-SHP,2672.38286360955,3171.08063233361,2907.65258550273,2925.08463298696,2598.79853936812,35.1061203294803,121,1,4
60,0.5,30,2,independent,CVaR-CR-SHP,2422.79600853225,2422.79600853224,2422.79600853225,2422.79600853225,2422.79600853225,783.390744130851,121,1,30
60,0.5,30,2,independent,Mixed,2504.98628806967,2825.10167396172,2725.52601100141,2734.94935039289,2598.39053092616,381.085078701373,121,1,21
60,0.5,30,2,gaussian06,Nominal,3207.69387937362,2909.03878298931,1425.39976042731,1427.54062094607,1220.36898354451,0,121,1,0
60,0.5,30,2,gaussian06,CR-SHP,2672.38286360955,2900.01023239143,1599.80047064186,1598.43806381001,1423.47984302563,9.02855059787908,121,1,4
60,0.5,30,2,gaussian06,CVaR-CR-SHP,2422.79600853225,2422.79600853224,2422.79600853225,2422.79600853225,2422.79600853225,486.242774457067,121,1,30
60,0.5,30,2,gaussian06,Mixed,2504.98628806967,2711.48129419338,2258.01020160068,2255.02109907614,2184.12047795112,197.557488795923,121,1,21
60,0.5,30,2,comonotone,Nominal,3207.69387937362,2659.13257864339,1220.36898354451,1220.36898354451,1220.36898354451,6.70556676626484,121,1,0
60,0.5,30,2,comonotone,CR-SHP,2672.38286360955,2665.83814540965,1423.47984302563,1423.47984302563,1423.47984302563,0,121,1,4
60,0.5,30,2,comonotone,CVaR-CR-SHP,2422.79600853225,2422.79600853224,2422.79600853225,2422.79600853225,2422.79600853225,243.042136877413,121,1,30
60,0.5,30,2,comonotone,Mixed,2504.98628806967,2582.70019157977,2184.12047795112,2184.12047795112,2184.12047795112,83.137953829887,121,1,21
60,0.5,30,2,t_copula06,Nominal,3207.69387937362,2937.30019640127,1438.28174922094,1429.29671627305,1220.36898354451,0,121,1,0
60,0.5,30,2,t_copula06,CR-SHP,2672.38286360955,2923.51020009726,1612.9062000331,1604.35536704538,1423.47984302563,13.7899963040168,121,1,4
60,0.5,30,2,t_copula06,CVaR-CR-SHP,2422.79600853225,2422.79600853224,2422.79600853225,2422.79600853225,2422.79600853225,514.504187869034,121,1,30
60,0.5,30,2,t_copula06,Mixed,2504.98628806967,2720.04868228496,2266.239729259,2267.63479025783,2184.12047795112,217.251514116315,121,1,21
60,0.5,30,2,adverse,Nominal,3207.69387937362,2667.09259948681,1220.36898354451,1220.36898354451,1220.36898354451,5.29026412274334,121,1,0
60,0.5,30,2,adverse,CR-SHP,2672.38286360955,2672.38286360955,1423.47984302563,1423.47984302563,1423.47984302563,0,121,1,4
60,0.5,30,2,adverse,CVaR-CR-SHP,2422.79600853225,2422.79600853225,2422.79600853225,2422.79600853225,2422.79600853225,249.586855077305,121,1,30
60,0.5,30,2,adverse,Mixed,2504.98628806967,2580.00615258085,2184.12047795112,2184.12047795112,2184.12047795112,92.3767110287004,121,1,21
60,0.5,30,3,independent,Nominal,3267.7131538083,3269.56407285195,2934.4354127694,2952.22995943669,2514.79019707949,0,121,1,0
60,0.5,30,3,independent,CR-SHP,2701.7764221869,3223.81473809683,2926.04233491998,2945.32208552801,2559.05533035944,45.7493347551135,121,1,4
60,0.5,30,3,independent,CVaR-CR-SHP,2385.69053743594,2385.69053743593,2385.69053743594,2385.69053743594,2385.69053743594,883.873535416011,121,1,30
60,0.5,30,3,independent,Mixed,2528.93251320434,2926.13465925205,2777.12416920485,2787.40606853575,2625.31058655495,343.429413599892,121,1,19
60,0.5,30,3,gaussian06,Nominal,3267.7131538083,2972.68998365138,1465.47003430452,1462.16040576591,1294.8009302751,0,121,1,0
60,0.5,30,3,gaussian06,CR-SHP,2701.7764221869,2950.96029616572,1637.52962157581,1635.88759890737,1481.66940427088,21.7296874856688,121,1,4
60,0.5,30,3,gaussian06,CVaR-CR-SHP,2385.69053743594,2385.69053743593,2385.69053743594,2385.69053743594,2385.69053743594,586.99944621545,121,1,30
60,0.5,30,3,gaussian06,Mixed,2528.93251320434,2771.30515142539,2199.98312666182,2195.59108574676,2135.97017528201,201.384832225995,121,1,19
60,0.5,30,3,comonotone,Nominal,3267.7131538083,2715.15745962371,1294.8009302751,1294.8009302751,1294.8009302751,0.62735546409931,121,1,0
60,0.5,30,3,comonotone,CR-SHP,2701.7764221869,2715.78481508781,1481.66940427088,1481.66940427088,1481.66940427088,0,121,1,4
60,0.5,30,3,comonotone,CVaR-CR-SHP,2385.69053743594,2385.69053743593,2385.69053743594,2385.69053743594,2385.69053743594,330.094277651872,121,1,30
60,0.5,30,3,comonotone,Mixed,2528.93251320434,2622.74429735465,2135.97017528201,2135.97017528201,2135.97017528201,93.0405177331613,121,1,19
60,0.5,30,3,t_copula06,Nominal,3267.7131538083,3000.96386979672,1475.50232591812,1465.66370286813,1294.8009302751,0,121,1,0
60,0.5,30,3,t_copula06,CR-SHP,2701.7764221869,2976.21026207681,1644.74389956108,1637.32925787887,1481.66940427088,24.7536077199106,121,1,4
60,0.5,30,3,t_copula06,CVaR-CR-SHP,2385.69053743594,2385.69053743593,2385.69053743594,2385.69053743594,2385.69053743594,615.273332360785,121,1,30
60,0.5,30,3,t_copula06,Mixed,2528.93251320434,2786.78221102845,2203.33070899946,2200.86497661832,2135.97017528201,214.18165876827,121,1,19
60,0.5,30,3,adverse,Nominal,3267.7131538083,2700.3831740984,1294.8009302751,1294.8009302751,1294.8009302751,1.39324808849778,121,1,0
60,0.5,30,3,adverse,CR-SHP,2701.7764221869,2701.7764221869,1481.66940427088,1481.66940427088,1481.66940427088,0,121,1,4
60,0.5,30,3,adverse,CVaR-CR-SHP,2385.69053743594,2385.69053743594,2385.69053743594,2385.69053743594,2385.69053743594,316.085884750958,121,1,30
60,0.5,30,3,adverse,Mixed,2528.93251320434,2609.28387440791,2135.97017528201,2135.97017528201,2135.97017528201,92.4925477789893,121,1,19
60,0.5,30,4,independent,Nominal,3374.92239667951,3365.39031080815,3032.08150443198,3056.22592283026,2532.48264976282,0,121,1,0
60,0.5,30,4,independent,CR-SHP,2819.04087996341,3330.17349394067,3029.3858516037,3049.36362015502,2617.62958361351,35.2168168674743,121,1,4
60,0.5,30,4,independent,CVaR-CR-SHP,2520.5023780032,2520.50237800321,2520.5023780032,2520.5023780032,2520.5023780032,844.887932804941,121,1,30
60,0.5,30,4,independent,Mixed,2621.09518254122,2944.09379542436,2810.36103487411,2821.1473014195,2644.86626466772,421.296515383783,121,1,21
60,0.5,30,4,gaussian06,Nominal,3374.92239667951,3076.90667400784,1566.44154835363,1570.51503700952,1386.82028927625,0,121,1,0
60,0.5,30,4,gaussian06,CR-SHP,2819.04087996341,3065.30911265919,1738.58100936165,1743.9583612472,1572.5333432004,11.5975613486503,121,1,4
60,0.5,30,4,gaussian06,CVaR-CR-SHP,2520.5023780032,2520.50237800321,2520.5023780032,2520.5023780032,2520.5023780032,556.40429600463,121,1,30
60,0.5,30,4,gaussian06,Mixed,2621.09518254122,2824.11703795643,2363.30072391426,2366.88415962295,2292.85751836946,252.789636051411,121,1,21
60,0.5,30,4,comonotone,Nominal,3374.92239667951,2823.49320381723,1386.82028927625,1386.82028927625,1386.82028927625,7.72422362461884,121,1,0
60,0.5,30,4,comonotone,CR-SHP,2819.04087996341,2831.21742744185,1572.5333432004,1572.5333432004,1572.5333432004,0,121,1,4
60,0.5,30,4,comonotone,CVaR-CR-SHP,2520.5023780032,2520.50237800321,2520.5023780032,2520.5023780032,2520.5023780032,310.715049438642,121,1,30
60,0.5,30,4,comonotone,Mixed,2621.09518254122,2698.38307864219,2292.85751836947,2292.85751836946,2292.85751836946,132.834348799653,121,1,21
60,0.5,30,4,t_copula06,Nominal,3374.92239667951,3092.24611643653,1557.10283370117,1552.36952398952,1386.82028927625,0,121,1,0
60,0.5,30,4,t_copula06,CR-SHP,2819.04087996341,3079.5583662481,1730.64192381062,1728.26231386082,1572.5333432004,12.6877501884351,121,1,4
60,0.5,30,4,t_copula06,CVaR-CR-SHP,2520.5023780032,2520.50237800321,2520.5023780032,2520.5023780032,2520.5023780032,571.743738433328,121,1,30
60,0.5,30,4,t_copula06,Mixed,2621.09518254122,2832.49058196092,2363.34892897493,2365.97566003877,2292.85751836946,259.755534475618,121,1,21
60,0.5,30,4,adverse,Nominal,3374.92239667951,2814.28220590845,1386.82028927625,1386.82028927625,1386.82028927625,4.75867405496001,121,1,0
60,0.5,30,4,adverse,CR-SHP,2819.04087996341,2819.04087996341,1572.5333432004,1572.5333432004,1572.5333432004,0,121,1,4
60,0.5,30,4,adverse,CVaR-CR-SHP,2520.5023780032,2520.5023780032,2520.5023780032,2520.5023780032,2520.5023780032,298.538501960209,121,1,30
60,0.5,30,4,adverse,Mixed,2621.09518254122,2686.05779649337,2292.85751836946,2292.85751836946,2292.85751836946,132.983083470041,121,1,21
60,0.5,30,5,independent,Nominal,3337.86648831086,3333.19723290798,3004.97970354766,3024.00247427847,2724.87773799277,0,121,1,0
60,0.5,30,5,independent,CR-SHP,2772.94781674852,3316.97877006225,3007.12029587265,3022.12362078722,2719.15050289216,16.2184628457326,121,1,2
60,0.5,30,5,independent,CVaR-CR-SHP,2515.94398607966,2515.94398607966,2515.94398607966,2515.94398607966,2515.94398607966,817.253246828327,121,1,30
60,0.5,30,5,independent,Mixed,2585.09952289117,2917.15490271232,2803.35338195203,2813.094028274,2645.84677559353,416.042330195666,121,1,21
60,0.5,30,5,gaussian06,Nominal,3337.86648831086,3037.52107030769,1471.9960703471,1463.37761606204,1285.51506342425,0,121,1,0
60,0.5,30,5,gaussian06,CR-SHP,2772.94781674852,3032.82025214603,1564.97374818428,1563.90205108889,1389.55762596645,4.70081816165703,121,1,2
60,0.5,30,5,gaussian06,CVaR-CR-SHP,2515.94398607966,2515.94398607966,2515.94398607966,2515.94398607966,2515.94398607966,521.577084228034,121,1,30
60,0.5,30,5,gaussian06,Mixed,2585.09952289117,2795.85506342814,2316.27931918881,2314.23482097259,2254.10127356557,241.666006879554,121,1,21
60,0.5,30,5,comonotone,Nominal,3337.86648831086,2787.08009498059,1285.51506342425,1285.51506342425,1285.51506342425,5.11895712529713,121,1,0
60,0.5,30,5,comonotone,CR-SHP,2772.94781674852,2792.19905210589,1389.55762596645,1389.55762596645,1389.55762596645,0,121,1,2
60,0.5,30,5,comonotone,CVaR-CR-SHP,2515.94398607966,2515.94398607966,2515.94398607966,2515.94398607966,2515.94398607966,276.255066026231,121,1,30
60,0.5,30,5,comonotone,Mixed,2585.09952289117,2671.41106587763,2254.10127356558,2254.10127356557,2254.10127356557,120.787986228259,121,1,21
60,0.5,30,5,t_copula06,Nominal,3337.86648831086,3045.39097140868,1462.18885728755,1455.16807414459,1285.51506342425,0,121,1,0
60,0.5,30,5,t_copula06,CR-SHP,2772.94781674852,3041.74562739206,1556.09466358571,1552.65841247026,1389.55762596645,3.64534401661967,121,1,2
60,0.5,30,5,t_copula06,CVaR-CR-SHP,2515.94398607966,2515.94398607966,2515.94398607966,2515.94398607966,2515.94398607966,529.446985329019,121,1,30
60,0.5,30,5,t_copula06,Mixed,2585.09952289117,2801.15881898873,2320.35925024691,2317.52791540107,2254.10127356557,244.232152419943,121,1,21
60,0.5,30,5,adverse,Nominal,3337.86648831086,2767.17604640279,1285.51506342425,1285.51506342425,1285.51506342425,5.77177034572424,121,1,0
60,0.5,30,5,adverse,CR-SHP,2772.94781674852,2772.94781674851,1389.55762596645,1389.55762596645,1389.55762596645,0,121,1,2
60,0.5,30,5,adverse,CVaR-CR-SHP,2515.94398607966,2515.94398607966,2515.94398607966,2515.94398607966,2515.94398607966,257.003830668858,121,1,30
60,0.5,30,5,adverse,Mixed,2585.09952289117,2659.07419820072,2254.10127356557,2254.10127356557,2254.10127356557,113.873618547798,121,1,21
60,0.5,30,6,independent,Nominal,3353.96934939245,3358.93154005506,3062.46439509425,3084.29914555976,2750.49121805262,0,121,1,0
60,0.5,30,6,independent,CR-SHP,2836.51686799716,3351.89575896373,3063.78362808189,3091.81963558105,2777.19712602899,7.03578109132695,121,1,1
60,0.5,30,6,independent,CVaR-CR-SHP,2529.82020755787,2529.82020755783,2529.82020755787,2529.82020755787,2529.82020755787,829.111332497222,121,1,30
60,0.5,30,6,independent,Mixed,2627.95867377961,2947.37377878416,2835.5547688956,2845.37413847872,2665.41905894567,411.557761270898,121,1,20
60,0.5,30,6,gaussian06,Nominal,3353.96934939245,3086.52302667237,1672.83538456738,1672.98701667419,1475.46880124285,0,121,1,0
60,0.5,30,6,gaussian06,CR-SHP,2836.51686799716,3085.12817341335,1712.76079237596,1711.1112267486,1517.63225549929,1.3948532590116,121,1,1
60,0.5,30,6,gaussian06,CVaR-CR-SHP,2529.82020755787,2529.82020755783,2529.82020755787,2529.82020755787,2529.82020755787,556.702819114531,121,1,30
60,0.5,30,6,gaussian06,Mixed,2627.95867377961,2835.67702385694,2382.47620413894,2385.4256148771,2309.6320370613,250.846002815425,121,1,20
60,0.5,30,6,comonotone,Nominal,3353.96934939245,2822.84066332454,1475.46880124285,1475.46880124285,1475.46880124285,2.43892373426434,121,1,0
60,0.5,30,6,comonotone,CR-SHP,2836.51686799716,2825.2795870588,1517.63225549929,1517.63225549929,1517.63225549929,0,121,1,1
60,0.5,30,6,comonotone,CVaR-CR-SHP,2529.82020755787,2529.82020755783,2529.82020755787,2529.82020755787,2529.82020755787,295.459379500969,121,1,30
60,0.5,30,6,comonotone,Mixed,2627.95867377961,2709.98388962195,2309.6320370613,2309.6320370613,2309.6320370613,115.295697436853,121,1,20
60,0.5,30,6,t_copula06,Nominal,3353.96934939245,3079.52846240312,1647.26103769579,1641.93104389406,1475.46880124285,0,121,1,0
60,0.5,30,6,t_copula06,CR-SHP,2836.51686799716,3077.60612700636,1686.51521492334,1683.92657956885,1517.63225549929,1.92233539675544,121,1,1
60,0.5,30,6,t_copula06,CVaR-CR-SHP,2529.82020755787,2529.82020755783,2529.82020755787,2529.82020755787,2529.82020755787,549.708254845282,121,1,30
60,0.5,30,6,t_copula06,Mixed,2627.95867377961,2836.04498564042,2374.02548201102,2374.83071302408,2309.6320370613,243.483476762691,121,1,20
60,0.5,30,6,adverse,Nominal,3353.96934939245,2835.31646521716,1475.46880124285,1475.46880124285,1475.46880124285,1.20040277999851,121,1,0
60,0.5,30,6,adverse,CR-SHP,2836.51686799716,2836.51686799716,1517.63225549929,1517.63225549929,1517.63225549929,0,121,1,1
60,0.5,30,6,adverse,CVaR-CR-SHP,2529.82020755787,2529.82020755787,2529.82020755787,2529.82020755787,2529.82020755787,306.696660439291,121,1,30
60,0.5,30,6,adverse,Mixed,2627.95867377961,2707.64458872531,2309.6320370613,2309.6320370613,2309.6320370613,128.872279271852,121,1,20
60,0.5,30,7,independent,Nominal,3277.64682501265,3280.36360936712,2976.48932730619,2994.1266762581,2600.59342140723,0,121,1,0
60,0.5,30,7,independent,CR-SHP,2766.21843120235,3265.49813358598,2975.16466365063,2991.56666022722,2608.23730391179,14.8654757811414,121,1,2
60,0.5,30,7,independent,CVaR-CR-SHP,2457.16999043392,2457.16999043388,2457.16999043391,2457.16999043392,2457.16999043392,823.19361893324,121,1,30
60,0.5,30,7,independent,Mixed,2543.70583359712,2856.36328704806,2737.98006476544,2745.62487655951,2598.99362221419,424.000322319066,121,1,21
60,0.5,30,7,gaussian06,Nominal,3277.64682501265,3008.76613124829,1509.14326205154,1517.93812411721,1322.27360368882,0,121,1,0
60,0.5,30,7,gaussian06,CR-SHP,2766.21843120235,3005.00099031044,1590.18058473995,1599.24547861922,1411.01553143807,3.7651409378559,121,1,2
60,0.5,30,7,gaussian06,CVaR-CR-SHP,2457.16999043392,2457.16999043388,2457.16999043391,2457.16999043392,2457.16999043392,551.596140814409,121,1,30
60,0.5,30,7,gaussian06,Mixed,2543.70583359712,2746.58600443088,2291.34358547179,2288.61269815655,2230.20266872705,262.180126817414,121,1,21
60,0.5,30,7,comonotone,Nominal,3277.64682501265,2776.07383298701,1322.27360368882,1322.27360368882,1322.27360368882,3.57780504525681,121,1,0
60,0.5,30,7,comonotone,CR-SHP,2766.21843120235,2779.65163803227,1411.01553143807,1411.01553143807,1411.01553143807,0,121,1,2
60,0.5,30,7,comonotone,CVaR-CR-SHP,2457.16999043392,2457.16999043388,2457.16999043391,2457.16999043392,2457.16999043392,322.481647598381,121,1,30
60,0.5,30,7,comonotone,Mixed,2543.70583359712,2636.6375104219,2230.20266872705,2230.20266872705,2230.20266872705,143.014127610362,121,1,21
60,0.5,30,7,t_copula06,Nominal,3277.64682501265,3015.14025208551,1516.66620260501,1515.68141223382,1322.27360368882,0,121,1,0
60,0.5,30,7,t_copula06,CR-SHP,2766.21843120235,3012.0537451593,1596.75858212515,1591.5571746865,1411.01553143807,3.08650692620495,121,1,2
60,0.5,30,7,t_copula06,CVaR-CR-SHP,2457.16999043392,2457.16999043388,2457.16999043391,2457.16999043392,2457.16999043392,557.970261651623,121,1,30
60,0.5,30,7,t_copula06,Mixed,2543.70583359712,2753.54698590986,2294.98313849767,2295.55365270784,2230.20266872705,261.593266175651,121,1,21
60,0.5,30,7,adverse,Nominal,3277.64682501265,2763.07462748339,1322.27360368882,1322.27360368882,1322.27360368882,3.14380371896004,121,1,0
60,0.5,30,7,adverse,CR-SHP,2766.21843120235,2766.21843120235,1411.01553143807,1411.01553143807,1411.01553143807,0,121,1,2
60,0.5,30,7,adverse,CVaR-CR-SHP,2457.16999043392,2457.16999043392,2457.16999043392,2457.16999043392,2457.16999043392,309.048440768431,121,1,30
60,0.5,30,7,adverse,Mixed,2543.70583359712,2629.60024354254,2230.20266872705,2230.20266872705,2230.20266872705,136.618187659806,121,1,21
60,0.5,30,8,independent,Nominal,3299.88455620673,3305.34961407494,3016.96851120496,3036.20792714014,2699.30778504492,0,121,1,0
60,0.5,30,8,independent,CR-SHP,2770.5569907334,3252.63423349581,2994.81484326773,3015.02931921651,2617.03882148456,52.7153805791354,121,1,4
60,0.5,30,8,independent,CVaR-CR-SHP,2529.91035655734,2529.91035655732,2529.91035655734,2529.91035655734,2529.91035655734,775.439257517625,121,1,30
60,0.5,30,8,independent,Mixed,2605.0553956912,2896.36972410977,2793.2775883981,2801.91203302028,2679.50215694624,408.979889965175,121,1,22
60,0.5,30,8,gaussian06,Nominal,3299.88455620673,3016.54002096972,1506.11365898639,1499.07637666021,1287.24985501461,0,121,1,0
60,0.5,30,8,gaussian06,CR-SHP,2770.5569907334,2996.09966183708,1698.33577820839,1695.14876561841,1504.11704892917,20.4403591326368,121,1,4
60,0.5,30,8,gaussian06,CVaR-CR-SHP,2529.91035655734,2529.91035655732,2529.91035655734,2529.91035655734,2529.91035655734,486.629664412401,121,1,30
60,0.5,30,8,gaussian06,Mixed,2605.0553956912,2788.99278289353,2371.95606480149,2369.71549650666,2314.14508534243,227.547238076187,121,1,22
60,0.5,30,8,comonotone,Nominal,3299.88455620673,2766.57872365523,1287.24985501461,1287.24985501461,1287.24985501461,5.44874405304608,121,1,0
60,0.5,30,8,comonotone,CR-SHP,2770.5569907334,2772.02746770827,1504.11704892917,1504.11704892917,1504.11704892917,0,121,1,4
60,0.5,30,8,comonotone,CVaR-CR-SHP,2529.91035655734,2529.91035655732,2529.91035655734,2529.91035655734,2529.91035655734,242.117111150957,121,1,30
60,0.5,30,8,comonotone,Mixed,2605.0553956912,2672.41331929353,2314.14508534243,2314.14508534243,2314.14508534243,99.6141484147406,121,1,22
60,0.5,30,8,t_copula06,Nominal,3299.88455620673,3038.73336174399,1514.92017666021,1505.5591421355,1287.24985501461,0,121,1,0
60,0.5,30,8,t_copula06,CR-SHP,2770.5569907334,3015.78472969363,1704.10083161254,1693.67056638817,1504.11704892917,22.9486320503588,121,1,4
60,0.5,30,8,t_copula06,CVaR-CR-SHP,2529.91035655734,2529.91035655732,2529.91035655734,2529.91035655734,2529.91035655734,508.82300518667,121,1,30
60,0.5,30,8,t_copula06,Mixed,2605.0553956912,2799.82266250217,2378.04801646304,2375.34117428878,2314.14508534243,238.910699241813,121,1,22
60,0.5,30,8,adverse,Nominal,3299.88455620673,2766.33021059086,1287.24985501461,1287.24985501461,1287.24985501461,4.22678014253825,121,1,0
60,0.5,30,8,adverse,CR-SHP,2770.5569907334,2770.5569907334,1504.11704892917,1504.11704892917,1504.11704892917,0,121,1,4
60,0.5,30,8,adverse,CVaR-CR-SHP,2529.91035655734,2529.91035655734,2529.91035655734,2529.91035655734,2529.91035655734,240.646634176057,121,1,30
60,0.5,30,8,adverse,Mixed,2605.0553956912,2665.53800450463,2314.14508534243,2314.14508534243,2314.14508534243,105.018986228773,121,1,22
100,0.2,20,1,independent,Nominal,2689.78113720037,2687.02558842076,2540.00528057168,2550.21523042273,2398.75005015648,0,201,1,0
100,0.2,20,1,independent,CR-SHP,2095.60727024717,2687.02558842076,2540.00528057168,2550.21523042273,2398.75005015648,0,201,1,0
100,0.2,20,1,independent,CVaR-CR-SHP,1837.52970029379,1837.52970029384,1837.52970029379,1837.52970029379,1837.52970029379,849.495888126922,201,1,20
100,0.2,20,1,independent,Mixed,1980.46821455036,2507.64792786181,2388.65953569259,2395.25926684222,2280.4715347675,179.377660558951,201,1,6
100,0.2,20,1,gaussian06,Nominal,2689.78113720037,2418.57654438369,1362.06079121706,1354.10823710804,1203.23393554188,0,201,1,0
100,0.2,20,1,gaussian06,CR-SHP,2095.60727024717,2418.57654438369,1362.06079121706,1354.10823710804,1203.23393554188,0,201,1,0
100,0.2,20,1,gaussian06,CVaR-CR-SHP,1837.52970029379,1837.52970029384,1837.52970029379,1837.52970029379,1837.52970029379,581.046844089852,201,1,20
100,0.2,20,1,gaussian06,Mixed,1980.46821455036,2317.29265095388,1566.93093761846,1563.84946797628,1450.52916649199,101.283893429814,201,1,6
100,0.2,20,1,comonotone,Nominal,2689.78113720037,2116.22307857606,1203.23393554188,1203.23393554188,1203.23393554188,0,201,1,0
100,0.2,20,1,comonotone,CR-SHP,2095.60727024717,2116.22307857606,1203.23393554188,1203.23393554188,1203.23393554188,0,201,1,0
100,0.2,20,1,comonotone,CVaR-CR-SHP,1837.52970029379,1837.52970029384,1837.52970029379,1837.52970029379,1837.52970029379,278.69337828222,201,1,20
100,0.2,20,1,comonotone,Mixed,1980.46821455036,2079.68167385545,1450.52916649199,1450.52916649199,1450.52916649199,36.5414047206064,201,1,6
100,0.2,20,1,t_copula06,Nominal,2689.78113720037,2416.62824923448,1356.22087751625,1352.04556130473,1203.23393554188,0,201,1,0
100,0.2,20,1,t_copula06,CR-SHP,2095.60727024717,2416.62824923448,1356.22087751625,1352.04556130473,1203.23393554188,0,201,1,0
100,0.2,20,1,t_copula06,CVaR-CR-SHP,1837.52970029379,1837.52970029384,1837.52970029379,1837.52970029379,1837.52970029379,579.09854894064,201,1,20
100,0.2,20,1,t_copula06,Mixed,1980.46821455036,2317.38736229441,1565.07841949525,1563.55004045226,1450.52916649199,99.2408869400692,201,1,6
100,0.2,20,1,adverse,Nominal,2689.78113720037,2095.60727024717,1203.23393554188,1203.23393554188,1203.23393554188,0,201,1,0
100,0.2,20,1,adverse,CR-SHP,2095.60727024717,2095.60727024717,1203.23393554188,1203.23393554188,1203.23393554188,0,201,1,0
100,0.2,20,1,adverse,CVaR-CR-SHP,1837.52970029379,1837.52970029379,1837.52970029379,1837.52970029379,1837.52970029379,258.077569953379,201,1,20
100,0.2,20,1,adverse,Mixed,1980.46821455036,2060.73943571929,1450.52916649199,1450.52916649199,1450.52916649199,34.8678345278836,201,1,6
100,0.2,20,2,independent,Nominal,2693.89828654975,2685.84602331543,2543.35420496348,2557.54054483246,2263.72003872937,0,201,1,0
100,0.2,20,2,independent,CR-SHP,2047.9912013128,2685.84602331543,2543.35420496348,2557.54054483246,2263.72003872937,0,201,1,0
100,0.2,20,2,independent,CVaR-CR-SHP,1766.95732782079,1766.95732782081,1766.9573278208,1766.95732782079,1766.95732782079,918.888695494619,201,1,20
100,0.2,20,2,independent,Mixed,1905.75555236891,2524.38879029752,2414.21197886,2423.79963381948,2175.04197164303,161.45723301791,201,1,5
100,0.2,20,2,gaussian06,Nominal,2693.89828654975,2402.48878267948,1227.90041398559,1223.76450320062,1035.89838996734,0,201,1,0
100,0.2,20,2,gaussian06,CR-SHP,2047.9912013128,2402.48878267948,1227.90041398559,1223.76450320062,1035.89838996734,0,201,1,0
100,0.2,20,2,gaussian06,CVaR-CR-SHP,1766.95732782079,1766.95732782081,1766.9573278208,1766.95732782079,1766.95732782079,635.53145485867,201,1,20
100,0.2,20,2,gaussian06,Mixed,1905.75555236891,2312.89742409022,1436.62981694029,1440.0037134924,1281.5579477345,89.5913585892686,201,1,5
100,0.2,20,2,comonotone,Nominal,2693.89828654975,2044.30161290663,1035.89838996733,1035.89838996734,1035.89838996734,0,201,1,0
100,0.2,20,2,comonotone,CR-SHP,2047.9912013128,2044.30161290663,1035.89838996733,1035.89838996734,1035.89838996734,0,201,1,0
100,0.2,20,2,comonotone,CVaR-CR-SHP,1766.95732782079,1766.95732782081,1766.9573278208,1766.95732782079,1766.95732782079,277.344285085815,201,1,20
100,0.2,20,2,comonotone,Mixed,1905.75555236891,2019.73944094984,1281.5579477345,1281.5579477345,1281.5579477345,24.5621719567919,201,1,5
100,0.2,20,2,t_copula06,Nominal,2693.89828654975,2392.57272605149,1236.60210157802,1225.8056091529,1035.89838996734,0,201,1,0
100,0.2,20,2,t_copula06,CR-SHP,2047.9912013128,2392.57272605149,1236.60210157802,1225.8056091529,1035.89838996734,0,201,1,0
100,0.2,20,2,t_copula06,CVaR-CR-SHP,1766.95732782079,1766.95732782081,1766.9573278208,1766.95732782079,1766.95732782079,625.615398230678,201,1,20
100,0.2,20,2,t_copula06,Mixed,1905.75555236891,2306.65895754533,1445.07076475836,1438.59753899687,1281.5579477345,85.9137685061642,201,1,5
100,0.2,20,2,adverse,Nominal,2693.89828654975,2047.9912013128,1035.89838996734,1035.89838996734,1035.89838996734,0,201,1,0
100,0.2,20,2,adverse,CR-SHP,2047.9912013128,2047.9912013128,1035.89838996734,1035.89838996734,1035.89838996734,0,201,1,0
100,0.2,20,2,adverse,CVaR-CR-SHP,1766.95732782079,1766.95732782079,1766.95732782079,1766.95732782079,1766.95732782079,281.033873492003,201,1,20
100,0.2,20,2,adverse,Mixed,1905.75555236891,2020.28560313228,1281.5579477345,1281.5579477345,1281.5579477345,27.7055981805202,201,1,5
100,0.2,20,3,independent,Nominal,2592.66120459929,2590.41949152151,2454.43688702291,2460.39861272642,2316.02665433964,0,201,1,0
100,0.2,20,3,independent,CR-SHP,2070.77879063784,2590.41949152151,2454.43688702291,2460.39861272642,2316.02665433964,0,201,1,0
100,0.2,20,3,independent,CVaR-CR-SHP,1779.40884662029,1779.40884662025,1779.40884662029,1779.40884662029,1779.40884662029,811.010644901259,201,1,20
100,0.2,20,3,independent,Mixed,1909.93422968291,2349.54461581697,2252.27135998756,2259.19132008617,2157.35327910827,240.874875704546,201,1,8
100,0.2,20,3,gaussian06,Nominal,2592.66120459929,2355.35530166971,1326.24075003409,1324.7489822679,1109.4224730227,0,201,1,0
100,0.2,20,3,gaussian06,CR-SHP,2070.77879063784,2355.35530166971,1326.24075003409,1324.7489822679,1109.4224730227,0,201,1,0
100,0.2,20,3,gaussian06,CVaR-CR-SHP,1779.40884662029,1779.40884662025,1779.40884662029,1779.40884662029,1779.40884662029,575.946455049459,201,1,20
100,0.2,20,3,gaussian06,Mixed,1909.93422968291,2207.83036249359,1605.66910371867,1608.49607699146,1469.94120390205,147.524939176127,201,1,8
100,0.2,20,3,comonotone,Nominal,2592.66120459929,2099.65100804501,1109.4224730227,1109.4224730227,1109.4224730227,0,201,1,0
100,0.2,20,3,comonotone,CR-SHP,2070.77879063784,2099.65100804501,1109.4224730227,1109.4224730227,1109.4224730227,0,201,1,0
100,0.2,20,3,comonotone,CVaR-CR-SHP,1779.40884662029,1779.40884662025,1779.40884662029,1779.40884662029,1779.40884662029,320.242161424759,201,1,20
100,0.2,20,3,comonotone,Mixed,1909.93422968291,2030.92607828029,1469.94120390205,1469.94120390205,1469.94120390205,68.7249297647231,201,1,8
100,0.2,20,3,t_copula06,Nominal,2592.66120459929,2379.78598855522,1330.88917609433,1340.28865737457,1109.4224730227,0,201,1,0
100,0.2,20,3,t_copula06,CR-SHP,2070.77879063784,2379.78598855522,1330.88917609433,1340.28865737457,1109.4224730227,0,201,1,0
100,0.2,20,3,t_copula06,CVaR-CR-SHP,1779.40884662029,1779.40884662025,1779.40884662029,1779.40884662029,1779.40884662029,600.377141934969,201,1,20
100,0.2,20,3,t_copula06,Mixed,1909.93422968291,2225.2002729352,1613.16037558014,1622.13602485141,1469.94120390205,154.585715620021,201,1,8
100,0.2,20,3,adverse,Nominal,2592.66120459929,2070.77879063784,1109.4224730227,1109.4224730227,1109.4224730227,0,201,1,0
100,0.2,20,3,adverse,CR-SHP,2070.77879063784,2070.77879063784,1109.4224730227,1109.4224730227,1109.4224730227,0,201,1,0
100,0.2,20,3,adverse,CVaR-CR-SHP,1779.40884662029,1779.40884662029,1779.40884662029,1779.40884662029,1779.40884662029,291.369944017543,201,1,20
100,0.2,20,3,adverse,Mixed,1909.93422968291,2009.33327160566,1469.94120390205,1469.94120390205,1469.94120390205,61.4455190321755,201,1,8
100,0.2,20,4,independent,Nominal,2705.77122053721,2702.96076059088,2540.99484407724,2555.46351056048,2291.00575127553,0,201,1,0
100,0.2,20,4,independent,CR-SHP,2139.53845757118,2702.96076059088,2540.99484407724,2555.46351056048,2291.00575127553,0,201,1,0
100,0.2,20,4,independent,CVaR-CR-SHP,1848.54505071559,1848.54505071557,1848.54505071559,1848.54505071559,1848.54505071559,854.415709875303,201,1,20
100,0.2,20,4,independent,Mixed,1978.58074536173,2481.69320021445,2367.08937947127,2376.71966575226,2251.83587491319,221.267560376432,201,1,7
100,0.2,20,4,gaussian06,Nominal,2705.77122053721,2453.72537471082,1394.6236444444,1395.76489707494,1183.12640743334,0,201,1,0
100,0.2,20,4,gaussian06,CR-SHP,2139.53845757118,2453.72537471082,1394.6236444444,1395.76489707494,1183.12640743334,0,201,1,0
100,0.2,20,4,gaussian06,CVaR-CR-SHP,1848.54505071559,1848.54505071557,1848.54505071559,1848.54505071559,1848.54505071559,605.180323995242,201,1,20
100,0.2,20,4,gaussian06,Mixed,1978.58074536173,2318.82622860194,1624.09540556454,1631.82931649312,1473.26817458098,134.899146108874,201,1,7
100,0.2,20,4,comonotone,Nominal,2705.77122053721,2158.37646859249,1183.12640743334,1183.12640743334,1183.12640743334,0,201,1,0
100,0.2,20,4,comonotone,CR-SHP,2139.53845757118,2158.37646859249,1183.12640743334,1183.12640743334,1183.12640743334,0,201,1,0
100,0.2,20,4,comonotone,CVaR-CR-SHP,1848.54505071559,1848.54505071557,1848.54505071559,1848.54505071559,1848.54505071559,309.831417876916,201,1,20
100,0.2,20,4,comonotone,Mixed,1978.58074536173,2098.85579911806,1473.26817458098,1473.26817458098,1473.26817458098,59.520669474432,201,1,7
100,0.2,20,4,t_copula06,Nominal,2705.77122053721,2454.89759184271,1380.74871915947,1382.8558165836,1183.12640743334,0,201,1,0
100,0.2,20,4,t_copula06,CR-SHP,2139.53845757118,2454.89759184271,1380.74871915947,1382.8558165836,1183.12640743334,0,201,1,0
100,0.2,20,4,t_copula06,CVaR-CR-SHP,1848.54505071559,1848.54505071557,1848.54505071559,1848.54505071559,1848.54505071559,606.352541127134,201,1,20
100,0.2,20,4,t_copula06,Mixed,1978.58074536173,2319.65283986592,1616.36249220946,1622.00638025475,1473.26817458098,135.244751976792,201,1,7
100,0.2,20,4,adverse,Nominal,2705.77122053721,2139.53845757118,1183.12640743334,1183.12640743334,1183.12640743334,0,201,1,0
100,0.2,20,4,adverse,CR-SHP,2139.53845757118,2139.53845757118,1183.12640743334,1183.12640743334,1183.12640743334,0,201,1,0
100,0.2,20,4,adverse,CVaR-CR-SHP,1848.54505071559,1848.54505071559,1848.54505071559,1848.54505071559,1848.54505071559,290.993406855582,201,1,20
100,0.2,20,4,adverse,Mixed,1978.58074536173,2086.11575688333,1473.26817458098,1473.26817458098,1473.26817458098,53.422700687845,201,1,7
100,0.2,20,5,independent,Nominal,2664.74641669441,2661.58334532457,2519.50517608044,2528.00339459479,2276.01341938402,0,201,1,0
100,0.2,20,5,independent,CR-SHP,2109.48142442627,2661.58334532457,2519.50517608044,2528.00339459479,2276.01341938402,0,201,1,0
100,0.2,20,5,independent,CVaR-CR-SHP,1851.90693481649,1851.90693481645,1851.90693481649,1851.90693481649,1851.90693481649,809.676410508116,201,1,20
100,0.2,20,5,independent,Mixed,1970.85670516689,2403.72229361083,2315.63701879732,2321.89186746649,2184.97939542914,257.861051713738,201,1,9
100,0.2,20,5,gaussian06,Nominal,2664.74641669441,2410.32330368196,1345.51672453833,1338.15733862002,1144.18094730833,0,201,1,0
100,0.2,20,5,gaussian06,CR-SHP,2109.48142442627,2410.32330368196,1345.51672453833,1338.15733862002,1144.18094730833,0,201,1,0
100,0.2,20,5,gaussian06,CVaR-CR-SHP,1851.90693481649,1851.90693481645,1851.90693481649,1851.90693481649,1851.90693481649,558.416368865507,201,1,20
100,0.2,20,5,gaussian06,Mixed,1970.85670516689,2257.4187059651,1661.10718958616,1658.75670388845,1535.97127990923,152.904597716862,201,1,9
100,0.2,20,5,comonotone,Nominal,2664.74641669441,2130.34511589164,1144.18094730833,1144.18094730833,1144.18094730833,0,201,1,0
100,0.2,20,5,comonotone,CR-SHP,2109.48142442627,2130.34511589164,1144.18094730833,1144.18094730833,1144.18094730833,0,201,1,0
100,0.2,20,5,comonotone,CVaR-CR-SHP,1851.90693481649,1851.90693481645,1851.90693481649,1851.90693481649,1851.90693481649,278.438181075186,201,1,20
100,0.2,20,5,comonotone,Mixed,1970.85670516689,2064.90146683448,1535.97127990923,1535.97127990923,1535.97127990923,65.4436490571634,201,1,9
100,0.2,20,5,t_copula06,Nominal,2664.74641669441,2421.26519066325,1351.9744624623,1352.70606772608,1144.18094730833,0,201,1,0
100,0.2,20,5,t_copula06,CR-SHP,2109.48142442627,2421.26519066325,1351.9744624623,1352.70606772608,1144.18094730833,0,201,1,0
100,0.2,20,5,t_copula06,CVaR-CR-SHP,1851.90693481649,1851.90693481645,1851.90693481649,1851.90693481649,1851.90693481649,569.358255846793,201,1,20
100,0.2,20,5,t_copula06,Mixed,1970.85670516689,2264.25925876619,1666.47298102513,1666.35907350434,1535.97127990923,157.005931897058,201,1,9
100,0.2,20,5,adverse,Nominal,2664.74641669441,2109.48142442627,1144.18094730833,1144.18094730833,1144.18094730833,0,201,1,0
100,0.2,20,5,adverse,CR-SHP,2109.48142442627,2109.48142442627,1144.18094730833,1144.18094730833,1144.18094730833,0,201,1,0
100,0.2,20,5,adverse,CVaR-CR-SHP,1851.90693481649,1851.90693481649,1851.90693481649,1851.90693481649,1851.90693481649,257.574489609778,201,1,20
100,0.2,20,5,adverse,Mixed,1970.85670516689,2052.0477795378,1535.97127990923,1535.97127990923,1535.97127990923,57.4336448884728,201,1,9
100,0.2,20,6,independent,Nominal,2687.56594156574,2687.97610393784,2536.17194033088,2545.84789033908,2298.0529430866,0,201,1,0
100,0.2,20,6,independent,CR-SHP,2112.82183970706,2687.97610393784,2536.17194033088,2545.84789033908,2298.0529430866,0,201,1,0
100,0.2,20,6,independent,CVaR-CR-SHP,1817.96337578096,1817.96337578096,1817.96337578096,1817.96337578096,1817.96337578096,870.012728156878,201,1,20
100,0.2,20,6,independent,Mixed,2006.96671098862,2602.07015471854,2474.81119289771,2484.01879660862,2277.54913714354,85.9059492193051,201,1,3
100,0.2,20,6,gaussian06,Nominal,2687.56594156574,2411.44663184955,1434.01469131921,1426.54083431411,1308.24163521727,0,201,1,0
100,0.2,20,6,gaussian06,CR-SHP,2112.82183970706,2411.44663184955,1434.01469131921,1426.54083431411,1308.24163521727,0,201,1,0
100,0.2,20,6,gaussian06,CVaR-CR-SHP,1817.96337578096,1817.96337578096,1817.96337578096,1817.96337578096,1817.96337578096,593.48325606859,201,1,20
100,0.2,20,6,gaussian06,Mixed,2006.96671098862,2361.43763418964,1522.90912138037,1517.16479307405,1413.76162532173,50.0089976599152,201,1,3
100,0.2,20,6,comonotone,Nominal,2687.56594156574,2144.90556665422,1308.24163521727,1308.24163521727,1308.24163521727,0,201,1,0
100,0.2,20,6,comonotone,CR-SHP,2112.82183970706,2144.90556665422,1308.24163521727,1308.24163521727,1308.24163521727,0,201,1,0
100,0.2,20,6,comonotone,CVaR-CR-SHP,1817.96337578096,1817.96337578096,1817.96337578096,1817.96337578096,1817.96337578096,326.942190873259,201,1,20
100,0.2,20,6,comonotone,Mixed,2006.96671098862,2116.89110563608,1413.76162532173,1413.76162532173,1413.76162532173,28.0144610181378,201,1,3
100,0.2,20,6,t_copula06,Nominal,2687.56594156574,2433.55280148762,1446.68763559244,1440.88161919643,1308.24163521727,0,201,1,0
100,0.2,20,6,t_copula06,CR-SHP,2112.82183970706,2433.55280148762,1446.68763559244,1440.88161919643,1308.24163521727,0,201,1,0
100,0.2,20,6,t_copula06,CVaR-CR-SHP,1817.96337578096,1817.96337578096,1817.96337578096,1817.96337578096,1817.96337578096,615.589425706653,201,1,20
100,0.2,20,6,t_copula06,Mixed,2006.96671098862,2380.08665919584,1533.85585999133,1533.70154795231,1413.76162532173,53.4661422917734,201,1,3
100,0.2,20,6,adverse,Nominal,2687.56594156574,2112.82183970706,1308.24163521727,1308.24163521727,1308.24163521727,0,201,1,0
100,0.2,20,6,adverse,CR-SHP,2112.82183970706,2112.82183970706,1308.24163521727,1308.24163521727,1308.24163521727,0,201,1,0
100,0.2,20,6,adverse,CVaR-CR-SHP,1817.96337578096,1817.96337578096,1817.96337578096,1817.96337578096,1817.96337578096,294.858463926107,201,1,20
100,0.2,20,6,adverse,Mixed,2006.96671098862,2090.74759192304,1413.76162532173,1413.76162532173,1413.76162532173,22.074247784024,201,1,3
100,0.2,20,7,independent,Nominal,2666.65946489036,2661.7570437681,2506.40589409001,2515.91109051087,2373.11974624489,0,201,1,0
100,0.2,20,7,independent,CR-SHP,2117.48842903857,2661.7570437681,2506.40589409001,2515.91109051087,2373.11974624489,0,201,1,0
100,0.2,20,7,independent,CVaR-CR-SHP,1792.1739959173,1792.17399591726,1792.1739959173,1792.1739959173,1792.1739959173,869.583047850833,201,1,20
100,0.2,20,7,independent,Mixed,1960.81272758659,2497.17657760094,2376.52500858713,2383.42472669549,2262.39679008443,164.58046616716,201,1,6
100,0.2,20,7,gaussian06,Nominal,2666.65946489036,2409.11992033304,1379.25614556829,1389.26424402873,1176.07435413567,0,201,1,0
100,0.2,20,7,gaussian06,CR-SHP,2117.48842903857,2409.11992033304,1379.25614556829,1389.26424402873,1176.07435413567,0,201,1,0
100,0.2,20,7,gaussian06,CVaR-CR-SHP,1792.1739959173,1792.17399591726,1792.1739959173,1792.1739959173,1792.1739959173,616.945924415773,201,1,20
100,0.2,20,7,gaussian06,Mixed,1960.81272758659,2312.05954707771,1570.42370938157,1578.77983389255,1419.84745491913,97.0603732553304,201,1,6
100,0.2,20,7,comonotone,Nominal,2666.65946489036,2155.26958024578,1176.07435413567,1176.07435413567,1176.07435413567,0,201,1,0
100,0.2,20,7,comonotone,CR-SHP,2117.48842903857,2155.26958024578,1176.07435413567,1176.07435413567,1176.07435413567,0,201,1,0
100,0.2,20,7,comonotone,CVaR-CR-SHP,1792.1739959173,1792.17399591726,1792.1739959173,1792.1739959173,1792.1739959173,363.095584328516,201,1,20
100,0.2,20,7,comonotone,Mixed,1960.81272758659,2107.76826065224,1419.84745491913,1419.84745491913,1419.84745491913,47.5013195935453,201,1,6
100,0.2,20,7,t_copula06,Nominal,2666.65946489036,2428.17617302621,1359.5961553996,1360.74101682556,1176.07435413567,0,201,1,0
100,0.2,20,7,t_copula06,CR-SHP,2117.48842903857,2428.17617302621,1359.5961553996,1360.74101682556,1176.07435413567,0,201,1,0
100,0.2,20,7,t_copula06,CVaR-CR-SHP,1792.1739959173,1792.17399591726,1792.1739959173,1792.1739959173,1792.1739959173,636.002177108949,201,1,20
100,0.2,20,7,t_copula06,Mixed,1960.81272758659,2326.76313473755,1556.30632915887,1565.0953389266,1419.84745491913,101.413038288665,201,1,6
100,0.2,20,7,adverse,Nominal,2666.65946489036,2117.48842903857,1176.07435413567,1176.07435413567,1176.07435413567,0,201,1,0
100,0.2,20,7,adverse,CR-SHP,2117.48842903857,2117.48842903857,1176.07435413567,1176.07435413567,1176.07435413567,0,201,1,0
100,0.2,20,7,adverse,CVaR-CR-SHP,1792.1739959173,1792.1739959173,1792.1739959173,1792.1739959173,1792.1739959173,325.31443312127,201,1,20
100,0.2,20,7,adverse,Mixed,1960.81272758659,2075.31200412791,1419.84745491913,1419.84745491913,1419.84745491913,42.1764249106664,201,1,6
100,0.2,20,8,independent,Nominal,2671.87008340729,2669.94000247724,2522.42682173466,2530.59116553283,2354.0736272424,0,201,1,0
100,0.2,20,8,independent,CR-SHP,2102.43097156299,2669.94000247724,2522.42682173466,2530.59116553283,2354.0736272424,0,201,1,0
100,0.2,20,8,independent,CVaR-CR-SHP,1804.72007850402,1804.720078504,1804.72007850402,1804.72007850402,1804.72007850402,865.219923973238,201,1,20
100,0.2,20,8,independent,Mixed,1920.17341089126,2438.97326225798,2335.19083405047,2342.63134855094,2228.24030722321,230.966740219259,201,1,7
100,0.2,20,8,gaussian06,Nominal,2671.87008340729,2411.07121035446,1291.28703359073,1291.948947619,1079.23133192077,0,201,1,0
100,0.2,20,8,gaussian06,CR-SHP,2102.43097156299,2411.07121035446,1291.28703359073,1291.948947619,1079.23133192077,0,201,1,0
100,0.2,20,8,gaussian06,CVaR-CR-SHP,1804.72007850402,1804.720078504,1804.72007850402,1804.72007850402,1804.72007850402,606.351131850457,201,1,20
100,0.2,20,8,gaussian06,Mixed,1920.17341089126,2273.35707666632,1550.66518789716,1547.29218680984,1399.3575868046,137.714133688133,201,1,7
100,0.2,20,8,comonotone,Nominal,2671.87008340729,2127.05731788062,1079.23133192076,1079.23133192077,1079.23133192077,0,201,1,0
100,0.2,20,8,comonotone,CR-SHP,2102.43097156299,2127.05731788062,1079.23133192076,1079.23133192077,1079.23133192077,0,201,1,0
100,0.2,20,8,comonotone,CVaR-CR-SHP,1804.72007850402,1804.720078504,1804.72007850402,1804.72007850402,1804.72007850402,322.337239376616,201,1,20
100,0.2,20,8,comonotone,Mixed,1920.17341089126,2065.71147960283,1399.3575868046,1399.3575868046,1399.3575868046,61.3458382777867,201,1,7
100,0.2,20,8,t_copula06,Nominal,2671.87008340729,2422.1334300158,1303.84239583591,1306.60691579168,1079.23133192077,0,201,1,0
100,0.2,20,8,t_copula06,CR-SHP,2102.43097156299,2422.1334300158,1303.84239583591,1306.60691579168,1079.23133192077,0,201,1,0
100,0.2,20,8,t_copula06,CVaR-CR-SHP,1804.72007850402,1804.720078504,1804.72007850402,1804.72007850402,1804.72007850402,617.413351511801,201,1,20
100,0.2,20,8,t_copula06,Mixed,1920.17341089126,2281.84975675415,1563.18055321275,1572.10067010077,1399.3575868046,140.283673261651,201,1,7
100,0.2,20,8,adverse,Nominal,2671.87008340729,2102.43097156299,1079.23133192077,1079.23133192077,1079.23133192077,0,201,1,0
100,0.2,20,8,adverse,CR-SHP,2102.43097156299,2102.43097156299,1079.23133192077,1079.23133192077,1079.23133192077,0,201,1,0
100,0.2,20,8,adverse,CVaR-CR-SHP,1804.72007850402,1804.72007850402,1804.72007850402,1804.72007850402,1804.72007850402,297.710893058965,201,1,20
100,0.2,20,8,adverse,Mixed,1920.17341089126,2048.35842406454,1399.3575868046,1399.3575868046,1399.3575868046,54.0725474984479,201,1,7
100,0.5,50,1,independent,Nominal,5543.14895524567,5538.47542451675,5110.11117530429,5136.86613425577,4692.86371073611,0,201,1,0
100,0.5,50,1,independent,CR-SHP,4625.37081018859,5484.85377555512,5091.58712805092,5114.04655071065,4757.50179949383,53.6216489616327,201,1,5
100,0.5,50,1,independent,CVaR-CR-SHP,4212.05506078564,4212.0550607857,4212.05506078563,4212.05506078564,4212.05506078564,1326.42036373105,201,1,50
100,0.5,50,1,independent,Mixed,4366.70624105053,4899.82709229809,4766.54994367498,4776.27369851043,4561.389195463,638.648332218667,201,1,35
100,0.5,50,1,gaussian06,Nominal,5543.14895524567,5070.29491113162,2651.78869230219,2651.68906874955,2400.52971945868,0,201,1,0
100,0.5,50,1,gaussian06,CR-SHP,4625.37081018859,5045.39399529158,2897.3840541666,2890.78253377425,2672.74025289561,24.9009158400395,201,1,5
100,0.5,50,1,gaussian06,CVaR-CR-SHP,4212.05506078564,4212.0550607857,4212.05506078563,4212.05506078564,4212.05506078564,858.239850345918,201,1,50
100,0.5,50,1,gaussian06,Mixed,4366.70624105053,4686.77151166748,3928.82357046116,3922.67792244584,3833.74485998764,383.523399464139,201,1,35
100,0.5,50,1,comonotone,Nominal,5543.14895524567,4633.26197721698,2400.52971945868,2400.52971945868,2400.52971945868,4.38232031586631,201,1,0
100,0.5,50,1,comonotone,CR-SHP,4625.37081018859,4637.64429753284,2672.74025289561,2672.74025289561,2672.74025289561,0,201,1,5
100,0.5,50,1,comonotone,CVaR-CR-SHP,4212.05506078564,4212.0550607857,4212.05506078563,4212.05506078564,4212.05506078564,425.589236747142,201,1,50
100,0.5,50,1,comonotone,Mixed,4366.70624105053,4466.53455120106,3833.74485998764,3833.74485998764,3833.74485998764,171.109746331786,201,1,35
100,0.5,50,1,t_copula06,Nominal,5543.14895524567,5065.87119545975,2638.33970120613,2628.36241390049,2400.52971945868,0,201,1,0
100,0.5,50,1,t_copula06,CR-SHP,4625.37081018859,5044.33243294377,2886.14607076738,2877.0072342569,2672.74025289561,21.5387625159792,201,1,5
100,0.5,50,1,t_copula06,CVaR-CR-SHP,4212.05506078564,4212.0550607857,4212.05506078563,4212.05506078564,4212.05506078564,853.816134674054,201,1,50
100,0.5,50,1,t_copula06,Mixed,4366.70624105053,4686.79006651917,3925.72064429889,3918.87443029632,3833.74485998764,379.081128940586,201,1,35
100,0.5,50,1,adverse,Nominal,5543.14895524567,4620.79633651439,2400.52971945868,2400.52971945868,2400.52971945868,4.57447367420264,201,1,0
100,0.5,50,1,adverse,CR-SHP,4625.37081018859,4625.37081018859,2672.74025289561,2672.74025289561,2672.74025289561,0,201,1,5
100,0.5,50,1,adverse,CVaR-CR-SHP,4212.05506078564,4212.05506078564,4212.05506078564,4212.05506078564,4212.05506078564,413.315749402955,201,1,50
100,0.5,50,1,adverse,Mixed,4366.70624105053,4454.33787093506,3833.74485998764,3833.74485998764,3833.74485998764,171.032939253534,201,1,35
100,0.5,50,2,independent,Nominal,5486.33294486783,5470.78376051603,5027.1928845195,5069.46863378945,4345.0360760692,0,201,1,0
100,0.5,50,2,independent,CR-SHP,4499.0363393659,5458.46923891225,5031.96326061969,5064.76465707006,4415.03775868723,12.3145216037819,201,1,3
100,0.5,50,2,independent,CVaR-CR-SHP,3976.00484896939,3976.00484896929,3976.00484896939,3976.00484896939,3976.00484896939,1494.77891154674,201,1,50
100,0.5,50,2,independent,Mixed,4162.41207248527,4705.42432781279,4556.64116441863,4568.57331953897,4396.04254984943,765.359432703236,201,1,35
100,0.5,50,2,gaussian06,Nominal,5486.33294486783,4997.21686101239,2376.03175501107,2377.66338260668,2118.46990090392,0,201,1,0
100,0.5,50,2,gaussian06,CR-SHP,4499.0363393659,4992.88430066069,2490.24973641059,2492.55770959653,2247.55219238802,4.33256035169597,201,1,3
100,0.5,50,2,gaussian06,CVaR-CR-SHP,3976.00484896939,3976.00484896929,3976.00484896939,3976.00484896939,3976.00484896939,1021.2120120431,201,1,50
100,0.5,50,2,gaussian06,Mixed,4162.41207248527,4493.33298602663,3713.00373730723,3711.56750271904,3614.18139647163,503.883874985757,201,1,35
100,0.5,50,2,comonotone,Nominal,5486.33294486783,4481.53437419904,2118.46990090393,2118.46990090392,2118.46990090392,3.67726975952792,201,1,0
100,0.5,50,2,comonotone,CR-SHP,4499.0363393659,4485.21164395857,2247.55219238802,2247.55219238802,2247.55219238802,0,201,1,3
100,0.5,50,2,comonotone,CVaR-CR-SHP,3976.00484896939,3976.00484896929,3976.00484896939,3976.00484896939,3976.00484896939,509.206794989282,201,1,50
100,0.5,50,2,comonotone,Mixed,4162.41207248527,4257.6657959891,3614.18139647163,3614.18139647163,3614.18139647163,227.545847969475,201,1,35
100,0.5,50,2,t_copula06,Nominal,5486.33294486783,4950.70236414503,2382.45517826624,2366.01614904994,2118.46990090392,0,201,1,0
100,0.5,50,2,t_copula06,CR-SHP,4499.0363393659,4950.02677885445,2496.47643497199,2476.54026788131,2247.55219238802,0.675585290572599,201,1,3
100,0.5,50,2,t_copula06,CVaR-CR-SHP,3976.00484896939,3976.00484896929,3976.00484896939,3976.00484896939,3976.00484896939,974.697515175736,201,1,50
100,0.5,50,2,t_copula06,Mixed,4162.41207248527,4486.49627214562,3717.40693006334,3720.16728199194,3614.18139647163,464.206091999406,201,1,35
100,0.5,50,2,adverse,Nominal,5486.33294486783,4495.62574303459,2118.46990090392,2118.46990090392,2118.46990090392,3.41059633131135,201,1,0
100,0.5,50,2,adverse,CR-SHP,4499.0363393659,4499.0363393659,2247.55219238802,2247.55219238802,2247.55219238802,0,201,1,3
100,0.5,50,2,adverse,CVaR-CR-SHP,3976.00484896939,3976.00484896939,3976.00484896939,3976.00484896939,3976.00484896939,523.031490396511,201,1,50
100,0.5,50,2,adverse,Mixed,4162.41207248527,4252.06522117594,3614.18139647163,3614.18139647163,3614.18139647163,246.971118189954,201,1,35
100,0.5,50,3,independent,Nominal,5473.79408855832,5464.94645801894,5078.77455269558,5107.89203824886,4659.11849749455,0,201,1,0
100,0.5,50,3,independent,CR-SHP,4550.72643739411,5434.05974724767,5070.06895225653,5093.70197220135,4608.31053115231,30.8867107712731,201,1,3
100,0.5,50,3,independent,CVaR-CR-SHP,4047.13121109196,4047.13121109188,4047.13121109196,4047.13121109196,4047.13121109196,1417.81524692706,201,1,50
100,0.5,50,3,independent,Mixed,4195.84641679427,4725.53104975908,4589.17249583914,4599.89262383844,4313.88154740032,739.415408259864,201,1,35
100,0.5,50,3,gaussian06,Nominal,5473.79408855832,4961.41727260136,2497.73230776288,2487.40573358948,2175.32931299015,0,201,1,0
100,0.5,50,3,gaussian06,CR-SHP,4550.72643739411,4953.70312428073,2648.99416159491,2642.13548091511,2342.41272272074,7.71414832062965,201,1,3
100,0.5,50,3,gaussian06,CVaR-CR-SHP,4047.13121109196,4047.13121109188,4047.13121109196,4047.13121109196,4047.13121109196,914.286061509476,201,1,50
100,0.5,50,3,gaussian06,Mixed,4195.84641679427,4532.04292927672,3768.23486394483,3764.32419765564,3664.72323987034,429.374343324636,201,1,35
100,0.5,50,3,comonotone,Nominal,5473.79408855832,4581.26845209338,2175.32931299016,2175.32931299015,2175.32931299015,4.60155374103215,201,1,0
100,0.5,50,3,comonotone,CR-SHP,4550.72643739411,4585.87000583441,2342.41272272074,2342.41272272074,2342.41272272074,0,201,1,3
100,0.5,50,3,comonotone,CVaR-CR-SHP,4047.13121109196,4047.13121109188,4047.13121109196,4047.13121109196,4047.13121109196,538.738794742529,201,1,50
100,0.5,50,3,comonotone,Mixed,4195.84641679427,4337.57935048764,3664.72323987033,3664.72323987034,3664.72323987034,248.29065534677,201,1,35
100,0.5,50,3,t_copula06,Nominal,5473.79408855832,5017.72218466942,2498.46476655914,2500.19813303583,2175.32931299015,0,201,1,0
100,0.5,50,3,t_copula06,CR-SHP,4550.72643739411,5008.7349784869,2650.12944107592,2652.61211884073,2342.41272272074,8.98720618252446,201,1,3
100,0.5,50,3,t_copula06,CVaR-CR-SHP,4047.13121109196,4047.13121109188,4047.13121109196,4047.13121109196,4047.13121109196,970.590973577541,201,1,50
100,0.5,50,3,t_copula06,Mixed,4195.84641679427,4554.70569767889,3774.37334319488,3767.57806242419,3664.72323987034,463.016486990535,201,1,35
100,0.5,50,3,adverse,Nominal,5473.79408855832,4545.6602828507,2175.32931299015,2175.32931299015,2175.32931299015,5.06615454341409,201,1,0
100,0.5,50,3,adverse,CR-SHP,4550.72643739411,4550.72643739411,2342.41272272074,2342.41272272074,2342.41272272074,0,201,1,3
100,0.5,50,3,adverse,CVaR-CR-SHP,4047.13121109196,4047.13121109196,4047.13121109196,4047.13121109196,4047.13121109196,503.595226302151,201,1,50
100,0.5,50,3,adverse,Mixed,4195.84641679427,4317.23036775595,3664.72323987034,3664.72323987034,3664.72323987034,233.496069638162,201,1,35
100,0.5,50,4,independent,Nominal,5592.72798145971,5586.43163328121,5194.46027799683,5227.752642557,4773.20533507278,0,201,1,0
100,0.5,50,4,independent,CR-SHP,4685.92804221204,5544.659824401,5172.13036980836,5203.851907077,4769.27584167831,41.7718088802158,201,1,3
100,0.5,50,4,independent,CVaR-CR-SHP,4223.09420735656,4223.0942073566,4223.09420735656,4223.09420735656,4223.09420735656,1363.33742592462,201,1,50
100,0.5,50,4,independent,Mixed,4357.60818534317,4826.56678735521,4690.32022614101,4700.26430153273,4530.65928055285,759.864845926001,201,1,36
100,0.5,50,4,gaussian06,Nominal,5592.72798145971,5138.93657561852,2650.91851463964,2653.1830580196,2279.83492513388,0,201,1,0
100,0.5,50,4,gaussian06,CR-SHP,4685.92804221204,5123.1214461745,2820.15681018997,2823.43287463119,2472.35853179678,15.8151294440131,201,1,3
100,0.5,50,4,gaussian06,CVaR-CR-SHP,4223.09420735656,4223.0942073566,4223.09420735656,4223.09420735656,4223.09420735656,915.842368261919,201,1,50
100,0.5,50,4,gaussian06,Mixed,4357.60818534317,4667.44049286722,4000.67719526394,4002.49663116192,3883.24799954058,471.496082751297,201,1,36
100,0.5,50,4,comonotone,Nominal,5592.72798145971,4721.94264325065,2279.83492513388,2279.83492513388,2279.83492513388,0.871157802537709,201,1,0
100,0.5,50,4,comonotone,CR-SHP,4685.92804221204,4722.81380105319,2472.35853179678,2472.35853179678,2472.35853179678,0,201,1,3
100,0.5,50,4,comonotone,CVaR-CR-SHP,4223.09420735656,4223.0942073566,4223.09420735656,4223.09420735656,4223.09420735656,499.719593696595,201,1,50
100,0.5,50,4,comonotone,Mixed,4357.60818534317,4488.31747437688,3883.24799954059,3883.24799954058,3883.24799954058,234.496326676316,201,1,36
100,0.5,50,4,t_copula06,Nominal,5592.72798145971,5134.42444990661,2611.92034505748,2616.00795831046,2279.83492513388,0,201,1,0
100,0.5,50,4,t_copula06,CR-SHP,4685.92804221204,5119.25763348987,2784.14750355411,2776.00233153306,2472.35853179678,15.166816416734,201,1,3
100,0.5,50,4,t_copula06,CVaR-CR-SHP,4223.09420735656,4223.0942073566,4223.09420735656,4223.09420735656,4223.09420735656,911.330242550011,201,1,50
100,0.5,50,4,t_copula06,Mixed,4357.60818534317,4670.39905372218,3998.78352089023,3999.38797476037,3883.24799954058,464.025396184424,201,1,36
100,0.5,50,4,adverse,Nominal,5592.72798145971,4684.80246668496,2279.83492513388,2279.83492513388,2279.83492513388,1.12557552707858,201,1,0
100,0.5,50,4,adverse,CR-SHP,4685.92804221204,4685.92804221204,2472.35853179678,2472.35853179678,2472.35853179678,0,201,1,3
100,0.5,50,4,adverse,CVaR-CR-SHP,4223.09420735656,4223.09420735656,4223.09420735656,4223.09420735656,4223.09420735656,462.833834855478,201,1,50
100,0.5,50,4,adverse,Mixed,4357.60818534317,4470.45084970326,3883.24799954058,3883.24799954058,3883.24799954058,215.477192508779,201,1,36
100,0.5,50,5,independent,Nominal,5559.64039301705,5548.15472181838,5144.90214820799,5172.99117791268,4526.96492590131,0,201,1,0
100,0.5,50,5,independent,CR-SHP,4647.37180975718,5490.62185677558,5135.48412998539,5158.53481294361,4738.7962879859,57.5328650428028,201,1,8
100,0.5,50,5,independent,CVaR-CR-SHP,4210.9951765598,4210.99517655978,4210.9951765598,4210.9951765598,4210.9951765598,1337.1595452586,201,1,50
100,0.5,50,5,independent,Mixed,4334.28925744528,4847.19264491709,4716.01855736676,4727.77483536246,4545.31127563072,700.962076901294,201,1,36
100,0.5,50,5,gaussian06,Nominal,5559.64039301705,5062.98983424145,2529.07484427208,2515.42007935317,2221.3795410456,0,201,1,0
100,0.5,50,5,gaussian06,CR-SHP,4647.37180975718,5048.58250024025,2867.51056145017,2859.55105357905,2597.28984173514,14.4073340011964,201,1,8
100,0.5,50,5,gaussian06,CVaR-CR-SHP,4210.9951765598,4210.99517655978,4210.9951765598,4210.9951765598,4210.9951765598,851.994657681664,201,1,50
100,0.5,50,5,gaussian06,Mixed,4334.28925744528,4655.49545137449,3926.56212453353,3922.45321540547,3821.49330375222,407.494382866954,201,1,36
100,0.5,50,5,comonotone,Nominal,5559.64039301705,4669.95259535271,2221.37954104561,2221.3795410456,2221.3795410456,7.95124337224934,201,1,0
100,0.5,50,5,comonotone,CR-SHP,4647.37180975718,4677.90383872496,2597.28984173515,2597.28984173514,2597.28984173514,0,201,1,8
100,0.5,50,5,comonotone,CVaR-CR-SHP,4210.9951765598,4210.99517655978,4210.9951765598,4210.9951765598,4210.9951765598,466.90866216518,201,1,50
100,0.5,50,5,comonotone,Mixed,4334.28925744528,4449.16335500373,3821.49330375221,3821.49330375222,3821.49330375222,228.74048372123,201,1,36
100,0.5,50,5,t_copula06,Nominal,5559.64039301705,5080.17126062344,2530.42927051948,2515.69322537941,2221.3795410456,0,201,1,0
100,0.5,50,5,t_copula06,CR-SHP,4647.37180975718,5064.08232198602,2869.63925743805,2864.06374667975,2597.28984173514,16.0889386374211,201,1,8
100,0.5,50,5,t_copula06,CVaR-CR-SHP,4210.9951765598,4210.99517655978,4210.9951765598,4210.9951765598,4210.9951765598,869.176084063657,201,1,50
100,0.5,50,5,t_copula06,Mixed,4334.28925744528,4665.1903193846,3931.00380748955,3927.39105182993,3821.49330375222,414.980941238845,201,1,36
100,0.5,50,5,adverse,Nominal,5559.64039301705,4636.39326699976,2221.3795410456,2221.3795410456,2221.3795410456,10.9785427574207,201,1,0
100,0.5,50,5,adverse,CR-SHP,4647.37180975718,4647.37180975718,2597.28984173514,2597.28984173514,2597.28984173514,0,201,1,8
100,0.5,50,5,adverse,CVaR-CR-SHP,4210.9951765598,4210.9951765598,4210.9951765598,4210.9951765598,4210.9951765598,436.376633197377,201,1,50
100,0.5,50,5,adverse,Mixed,4334.28925744528,4435.69223748856,3821.49330375222,3821.49330375222,3821.49330375222,211.679572268616,201,1,36
100,0.5,50,6,independent,Nominal,5556.65361244415,5570.95104298034,5126.42476831934,5153.69666498633,4649.46339141647,0,201,1,0
100,0.5,50,6,independent,CR-SHP,4695.46633698039,5536.35477947571,5129.53816367881,5160.35383022467,4706.02551771389,34.5962635046317,201,1,5
100,0.5,50,6,independent,CVaR-CR-SHP,4225.44364901283,4225.44364901294,4225.44364901283,4225.44364901283,4225.44364901283,1345.5073939674,201,1,50
100,0.5,50,6,independent,Mixed,4412.37368556422,4914.72212706617,4772.81986341293,4784.22083338782,4572.66762337814,656.228915914172,201,1,35
100,0.5,50,6,gaussian06,Nominal,5556.65361244415,5106.23245873162,2853.10141532654,2850.67786299897,2591.60159082469,0,201,1,0
100,0.5,50,6,gaussian06,CR-SHP,4695.46633698039,5089.22940307664,3033.6187091387,3024.03272911348,2783.4277931452,17.0030556549818,201,1,5
100,0.5,50,6,gaussian06,CVaR-CR-SHP,4225.44364901283,4225.44364901294,4225.44364901283,4225.44364901283,4225.44364901283,880.788809718678,201,1,50
100,0.5,50,6,gaussian06,Mixed,4412.37368556422,4705.1091537062,3993.50659617783,3988.24305098801,3911.65544638981,401.123305025418,201,1,35
100,0.5,50,6,comonotone,Nominal,5556.65361244415,4744.35325491608,2591.60159082469,2591.60159082469,2591.60159082469,0.61402290503338,201,1,0
100,0.5,50,6,comonotone,CR-SHP,4695.46633698039,4744.96727782112,2783.42779314521,2783.4277931452,2783.4277931452,0,201,1,5
100,0.5,50,6,comonotone,CVaR-CR-SHP,4225.44364901283,4225.44364901294,4225.44364901283,4225.44364901283,4225.44364901283,519.523628808174,201,1,50
100,0.5,50,6,comonotone,Mixed,4412.37368556422,4519.37580941708,3911.65544638981,3911.65544638981,3911.65544638981,225.591468404039,201,1,35
100,0.5,50,6,t_copula06,Nominal,5556.65361244415,5160.35792986691,2860.21548872549,2844.08711191448,2591.60159082469,0,201,1,0
100,0.5,50,6,t_copula06,CR-SHP,4695.46633698039,5137.57887684123,3038.51013094834,3031.25030770277,2783.4277931452,22.7790530256825,201,1,5
100,0.5,50,6,t_copula06,CVaR-CR-SHP,4225.44364901283,4225.44364901294,4225.44364901283,4225.44364901283,4225.44364901283,934.914280853967,201,1,50
100,0.5,50,6,t_copula06,Mixed,4412.37368556422,4725.53416655052,4000.2541092869,4000.35285291801,3911.65544638981,434.823763316392,201,1,35
100,0.5,50,6,adverse,Nominal,5556.65361244415,4690.93698637033,2591.60159082469,2591.60159082469,2591.60159082469,4.52935061005337,201,1,0
100,0.5,50,6,adverse,CR-SHP,4695.46633698039,4695.46633698039,2783.4277931452,2783.4277931452,2783.4277931452,0,201,1,5
100,0.5,50,6,adverse,CVaR-CR-SHP,4225.44364901283,4225.44364901283,4225.44364901283,4225.44364901283,4225.44364901283,470.022687967553,201,1,50
100,0.5,50,6,adverse,Mixed,4412.37368556422,4496.30859884652,3911.65544638981,3911.65544638981,3911.65544638981,199.157738133861,201,1,35
100,0.5,50,7,independent,Nominal,5512.61391297404,5511.09858389051,5106.09953566154,5130.25016442931,4661.50226433236,0,201,1,0
100,0.5,50,7,independent,CR-SHP,4647.91740074273,5492.83903875558,5105.81430154073,5129.64651172176,4703.69183149457,18.2595451349316,201,1,3
100,0.5,50,7,independent,CVaR-CR-SHP,4162.00165847026,4162.00165847034,4162.00165847025,4162.00165847026,4162.00165847026,1349.09692542017,201,1,50
100,0.5,50,7,independent,Mixed,4315.65246257788,4817.41840232726,4664.56535143844,4676.05654610825,4484.36931692065,693.680181563245,201,1,35
100,0.5,50,7,gaussian06,Nominal,5512.61391297404,5057.65599347226,2675.68947939879,2678.76725273485,2363.85581292529,0,201,1,0
100,0.5,50,7,gaussian06,CR-SHP,4647.91740074273,5051.71848659228,2796.92310505098,2799.83527882214,2504.33487437314,5.93750687998181,201,1,3
100,0.5,50,7,gaussian06,CVaR-CR-SHP,4162.00165847026,4162.00165847034,4162.00165847025,4162.00165847026,4162.00165847026,895.654335001916,201,1,50
100,0.5,50,7,gaussian06,Mixed,4315.65246257788,4617.75269487416,3909.45717485544,3908.74297959811,3813.53444696196,439.903298598095,201,1,35
100,0.5,50,7,comonotone,Nominal,5512.61391297404,4712.09861641606,2363.85581292529,2363.85581292529,2363.85581292529,1.03314477556069,201,1,0
100,0.5,50,7,comonotone,CR-SHP,4647.91740074273,4713.13176119162,2504.33487437313,2504.33487437314,2504.33487437314,0,201,1,3
100,0.5,50,7,comonotone,CVaR-CR-SHP,4162.00165847026,4162.00165847034,4162.00165847025,4162.00165847026,4162.00165847026,551.130102721282,201,1,50
100,0.5,50,7,comonotone,Mixed,4315.65246257788,4439.31345435701,3813.53444696196,3813.53444696196,3813.53444696196,273.818306834608,201,1,35
100,0.5,50,7,t_copula06,Nominal,5512.61391297404,5102.47436478652,2634.36419688038,2628.6974679826,2363.85581292529,0,201,1,0
100,0.5,50,7,t_copula06,CR-SHP,4647.91740074273,5095.71987236691,2759.57094223026,2755.7351597508,2504.33487437314,6.75449241961542,201,1,3
100,0.5,50,7,t_copula06,CVaR-CR-SHP,4162.00165847026,4162.00165847034,4162.00165847025,4162.00165847026,4162.00165847026,940.47270631618,201,1,50
100,0.5,50,7,t_copula06,Mixed,4315.65246257788,4637.67669986078,3897.803305672,3894.68884769349,3813.53444696196,464.797664925739,201,1,35
100,0.5,50,7,adverse,Nominal,5512.61391297404,4643.40196165222,2363.85581292529,2363.85581292529,2363.85581292529,4.51543909050815,201,1,0
100,0.5,50,7,adverse,CR-SHP,4647.91740074273,4647.91740074273,2504.33487437314,2504.33487437314,2504.33487437314,0,201,1,3
100,0.5,50,7,adverse,CVaR-CR-SHP,4162.00165847026,4162.00165847026,4162.00165847026,4162.00165847026,4162.00165847026,485.915742272469,201,1,50
100,0.5,50,7,adverse,Mixed,4315.65246257788,4412.4458846947,3813.53444696196,3813.53444696196,3813.53444696196,235.471516048035,201,1,35
100,0.5,50,8,independent,Nominal,5560.60785745992,5560.29228366133,5138.85829283352,5162.53538356186,4653.1473946568,0,201,1,0
100,0.5,50,8,independent,CR-SHP,4617.95737203234,5518.76942507279,5126.54272738614,5157.13015264014,4587.23832247466,41.5228585885434,201,1,4
100,0.5,50,8,independent,CVaR-CR-SHP,4151.45973251021,4151.45973251017,4151.45973251021,4151.45973251021,4151.45973251021,1408.83255115116,201,1,50
100,0.5,50,8,independent,Mixed,4305.96925520924,4838.55914991047,4703.6918829831,4714.96234038836,4481.11853093755,721.733133750865,201,1,35
100,0.5,50,8,gaussian06,Nominal,5560.60785745992,5049.5368801543,2534.77437086729,2535.98169965764,2249.12982149182,0,201,1,0
100,0.5,50,8,gaussian06,CR-SHP,4617.95737203234,5030.3999185282,2724.05964577532,2721.14051319035,2456.9778206185,19.1369616260918,201,1,4
100,0.5,50,8,gaussian06,CVaR-CR-SHP,4151.45973251021,4151.45973251017,4151.45973251021,4151.45973251021,4151.45973251021,898.077147644124,201,1,50
100,0.5,50,8,gaussian06,Mixed,4305.96925520924,4632.66158652699,3866.40815204381,3866.2096737179,3771.37264159446,416.875293627304,201,1,35
100,0.5,50,8,comonotone,Nominal,5560.60785745992,4657.30104218132,2249.12982149183,2249.12982149182,2249.12982149182,0.699637659369728,201,1,0
100,0.5,50,8,comonotone,CR-SHP,4617.95737203234,4658.00067984069,2456.97782061851,2456.9778206185,2456.9778206185,0,201,1,4
100,0.5,50,8,comonotone,CVaR-CR-SHP,4151.45973251021,4151.45973251017,4151.45973251021,4151.45973251021,4151.45973251021,506.540947330518,201,1,50
100,0.5,50,8,comonotone,Mixed,4305.96925520924,4432.5393648141,3771.37264159446,3771.37264159446,3771.37264159446,225.461315026593,201,1,35
100,0.5,50,8,t_copula06,Nominal,5560.60785745992,5060.0699649165,2547.798709724,2550.63758694417,2249.12982149182,0,201,1,0
100,0.5,50,8,t_copula06,CR-SHP,4617.95737203234,5042.37498884002,2739.47975640593,2741.25568326133,2456.9778206185,17.6949760764828,201,1,4
100,0.5,50,8,t_copula06,CVaR-CR-SHP,4151.45973251021,4151.45973251017,4151.45973251021,4151.45973251021,4151.45973251021,908.610232406329,201,1,50
100,0.5,50,8,t_copula06,Mixed,4305.96925520924,4641.8371563342,3877.57713967976,3875.17543511927,3771.37264159446,418.2328085823,201,1,35
100,0.5,50,8,adverse,Nominal,5560.60785745992,4615.05668126061,2249.12982149182,2249.12982149182,2249.12982149182,2.90069077172939,201,1,0
100,0.5,50,8,adverse,CR-SHP,4617.95737203234,4617.95737203234,2456.9778206185,2456.9778206185,2456.9778206185,0,201,1,4
100,0.5,50,8,adverse,CVaR-CR-SHP,4151.45973251021,4151.45973251021,4151.45973251021,4151.45973251021,4151.45973251021,466.497639522132,201,1,50
100,0.5,50,8,adverse,Mixed,4305.96925520924,4413.0795400093,3771.37264159446,3771.37264159446,3771.37264159446,204.877832023043,201,1,35
